MAT_whittaker,MAP_whittaker
30,0
30,0.1319
30,0.2201
30,0.3084
30,0.3967
30,0.4849
30,0.5732
30,0.6615
30,0.7497
30,0.838
30,0.9263
30,1.0145
30,1.1028
30,1.191
30,1.2793
30,1.3676
30,1.4558
30,1.5441
30,7.6322
30,13.7204
30,19.8085
30,25.8967
30,31.9848
30,38.073
30,44.1611
30,50.2493
30,56.3374
30,62.4256
30,68.5137
30,74.6018
30,80.69
30,86.7781
30,92.8662
30,98.9544
30,105.0426
30,111.1307
30,117.2189
30,123.307
30,129.3952
30,135.4833
30,141.5714
30,147.6596
30,153.7477
30,159.8359
30,165.924
30,172.0122
30,178.1003
30,184.1885
30,190.2766
30,196.3648
30,202.4529
30,208.541
30,214.6292
30,220.7173
30,226.8937
30,232.9819
30,239.07
30,245.1582
30,251.2463
30,257.3345
30,263.4226
30,269.5108
30,275.5989
30,281.6871
30,287.7752
30,293.8633
30,299.9515
30,306.0396
30,312.1278
30,318.2159
30,324.3041
30,330.3921
30,336.4804
30,342.5685
30,348.6566
30,354.7448
30,360.8329
30,366.9211
30,373.0092
30,379.0974
30,385.1855
30,391.2737
30,397.3618
30,403.45
30,409.5381
30,415.6263
30,421.7144
30,427.8025
30,433.8907
30,439.9788
30,446.067
30,452.1551
30,458.2433
30,464.3314
30,470.4196
30,476.5077
30,482.5958
30,488.684
30,494.7721
29.9493,500.772
29.9485,506.8601
29.9485,506.8601
29.8878,506.7719
29.8272,506.6836
29.7665,506.5954
29.8264,512.7718
29.8256,518.8599
29.8862,518.9482
29.8854,525.0363
29.9453,531.2127
29.9445,537.3009
29.9437,543.389
29.9428,549.4772
29.9421,555.5653
29.9413,561.6535
29.9405,567.7416
29.9397,573.8298
29.9388,579.9179
29.9381,586.0061
29.9373,592.0942
29.9365,598.1823
29.9357,604.2705
29.9348,610.3586
29.9341,616.4468
29.9333,622.5349
29.9325,628.6231
29.871,634.623
29.8702,640.7111
29.8694,646.7992
29.8686,652.8874
29.8678,658.9755
29.867,665.0637
29.8662,671.1518
29.8654,677.24
29.8646,683.3281
29.8638,689.4163
29.863,695.5044
29.8622,701.5926
29.8614,707.6806
29.8606,713.7688
29.8598,719.857
29.859,725.9451
29.8582,732.0333
29.8574,738.1214
29.8566,744.2096
29.8558,750.2977
29.855,756.3859
29.8542,762.474
29.8534,768.5622
29.8526,774.6503
29.8518,780.7384
29.851,786.8266
29.8502,792.9146
29.8494,799.0029
29.8486,805.091
29.8477,811.1792
29.847,817.2673
29.8462,823.3555
29.8454,829.4436
29.7839,835.4435
29.7831,841.5316
29.7823,847.6198
29.7814,853.7079
29.7807,859.7961
29.7799,865.8841
29.7791,871.9724
29.7783,878.0605
29.7774,884.1487
29.7767,890.2368
29.7759,896.3249
29.7751,902.4131
29.7743,908.5011
29.7734,914.5894
29.7727,920.6775
29.7719,926.7657
29.7711,932.8538
29.7703,938.942
29.7694,945.0301
29.7687,951.1183
29.7679,957.2064
29.7671,963.2945
29.7663,969.3827
29.7654,975.4708
29.7647,981.559
29.7639,987.6471
29.7631,993.7353
29.7623,999.8234
29.7614,1005.9116
29.7607,1011.9997
29.7599,1018.0879
29.7591,1024.176
29.6977,1030.1759
29.6968,1036.264
29.696,1042.3522
29.6952,1048.4403
29.6944,1054.5285
29.6936,1060.6166
29.6928,1066.7048
29.692,1072.7929
29.6912,1078.881
29.6904,1084.9691
29.6896,1091.0573
29.6888,1097.1455
29.688,1103.2336
29.6872,1109.3218
29.6864,1115.4099
29.6856,1121.4981
29.6848,1127.5862
29.684,1133.6743
29.6832,1139.7625
29.6824,1145.8506
29.6816,1151.9388
29.6808,1158.0269
29.68,1164.1151
29.6792,1170.2032
29.6784,1176.2913
29.6776,1182.3795
29.6768,1188.4677
29.676,1194.5558
29.6752,1200.6439
29.6743,1206.7321
29.6736,1212.8202
29.6728,1218.9083
29.672,1224.9965
29.6106,1230.9964
29.6098,1237.0846
29.609,1243.1727
29.6082,1249.2608
29.6074,1255.349
29.6066,1261.4371
29.6058,1267.5253
29.605,1273.6134
29.6042,1279.7016
29.6034,1285.7896
29.6026,1291.8779
29.6018,1297.966
29.601,1304.0542
29.6,1310.1423
29.5993,1316.2304
29.5985,1322.3186
29.5977,1328.4067
29.5969,1334.4949
29.596,1340.583
29.5953,1346.6712
29.5945,1352.7593
29.5937,1358.8475
29.5929,1364.9356
29.592,1371.0238
29.5913,1377.1118
29.5905,1383.2
29.5897,1389.2882
29.5889,1395.3763
29.588,1401.4645
29.5873,1407.5526
29.5865,1413.6408
29.5857,1419.7288
29.5849,1425.8171
29.5234,1431.8169
29.5227,1437.9051
29.5219,1443.9931
29.5211,1450.0814
29.5203,1456.1695
29.5194,1462.2577
29.5187,1468.3458
29.5179,1474.434
29.5171,1480.5221
29.5163,1486.6103
29.5154,1492.6984
29.5147,1498.7865
29.5139,1504.8747
29.5131,1510.9628
29.5123,1517.051
29.5114,1523.1391
29.5107,1529.2273
29.5099,1535.3154
29.5091,1541.4036
29.5083,1547.4917
29.5074,1553.5798
29.5067,1559.668
29.5059,1565.7561
29.5051,1571.8443
29.5043,1577.9324
29.5034,1584.0206
29.5026,1590.1087
29.5018,1596.1969
29.501,1602.285
29.5002,1608.3732
29.4994,1614.4613
29.4986,1620.5495
29.4978,1626.6376
29.4364,1632.6375
29.4356,1638.7256
29.4348,1644.8138
29.434,1650.9019
29.4332,1656.9901
29.4324,1663.0782
29.4316,1669.1663
29.4308,1675.2545
29.43,1681.3426
29.4292,1687.4308
29.4284,1693.5189
29.4276,1699.6071
29.4268,1705.6952
29.426,1711.7833
29.4252,1717.8715
29.4243,1723.9597
29.4236,1730.0478
29.4228,1736.136
29.422,1742.2241
29.4212,1748.3122
29.4203,1754.4003
29.4196,1760.4885
29.4188,1766.5767
29.418,1772.6648
29.4172,1778.753
29.4163,1784.8411
29.4156,1790.9293
29.4148,1797.0174
29.414,1803.1055
29.4132,1809.1937
29.4123,1815.2818
29.4116,1821.37
29.3501,1827.3699
29.3493,1833.458
29.3485,1839.5462
29.3477,1845.6343
29.3469,1851.7224
29.3461,1857.8106
29.3453,1863.8987
29.3445,1869.9868
29.3437,1876.075
29.3429,1882.1632
29.3421,1888.2513
29.3413,1894.3395
29.3405,1900.4276
29.3397,1906.5158
29.3389,1912.6038
29.3381,1918.692
29.3373,1924.7802
29.3365,1930.8683
29.3357,1936.9565
29.3349,1943.0446
29.3341,1949.1328
29.3333,1955.2209
29.3325,1961.3091
29.3317,1967.3972
29.3309,1973.4854
29.3301,1979.5735
29.3293,1985.6616
29.3285,1991.7498
29.3277,1997.8378
29.3269,2003.9261
29.3261,2010.0142
29.3253,2016.1024
29.3245,2022.1905
29.263,2028.1904
29.2622,2034.2785
29.2614,2040.3667
29.2606,2046.4548
29.2598,2052.543
29.259,2058.6311
29.2582,2064.7193
29.2574,2070.8074
29.2566,2076.8956
29.2558,2082.9837
29.255,2089.0719
29.2542,2095.16
29.2534,2101.2481
29.2526,2107.3363
29.2518,2113.4243
29.251,2119.5126
29.2502,2125.6007
29.2494,2131.6888
29.2486,2137.777
29.2478,2143.8652
29.2469,2149.9533
29.2462,2156.0415
29.2454,2162.1296
29.2446,2168.2177
29.2438,2174.3059
29.2429,2180.394
29.2422,2186.4822
29.2414,2192.5703
29.1799,2198.5702
29.1791,2204.6583
29.1783,2210.7465
29.1775,2216.8346
29.1767,2222.9228
29.1759,2229.0109
29.1751,2235.0991
29.1743,2241.1872
29.1735,2247.2753
29.1727,2253.3635
29.1719,2259.4517
29.1711,2265.5398
29.1703,2271.628
29.1695,2277.7161
29.1687,2283.8042
29.1679,2289.8923
29.1671,2295.9805
29.1663,2302.0687
29.1655,2308.1568
29.1647,2314.245
29.1639,2320.3331
29.1631,2326.4213
29.1623,2332.5093
29.1615,2338.5976
29.1,2344.5974
29.0992,2350.6856
29.0984,2356.7737
29.0976,2362.8618
29.0968,2368.95
29.096,2375.0382
29.0952,2381.1263
29.0944,2387.2144
29.0936,2393.3026
29.0928,2399.3907
29.092,2405.4788
29.0912,2411.567
29.0904,2417.6552
29.0896,2423.7433
29.0888,2429.8315
29.088,2435.9196
29.0872,2442.0078
29.0864,2448.0959
29.0856,2454.184
29.0848,2460.2722
29.084,2466.3603
29.0832,2472.4485
29.0824,2478.5366
29.0816,2484.6248
29.0808,2490.7128
29.08,2496.8011
29.0792,2502.8892
29.0784,2508.9774
29.0169,2514.9771
28.9562,2514.889
29.0161,2521.0654
29.0153,2527.1535
29.0145,2533.2417
29.0137,2539.3298
29.0129,2545.418
29.0121,2551.5061
29.0113,2557.5943
29.0105,2563.6824
29.0097,2569.7705
29.0089,2575.8587
29.0081,2581.9468
29.0073,2588.035
29.0065,2594.1231
29.0057,2600.2113
29.0049,2606.2993
29.0041,2612.3876
29.0033,2618.4757
29.0025,2624.5638
29.0017,2630.652
29.0009,2636.7401
29.0001,2642.8283
28.9992,2648.9163
28.9985,2655.0046
28.9977,2661.0927
28.9969,2667.1809
28.9961,2673.269
28.9952,2679.3572
28.9945,2685.4453
28.933,2691.4452
28.9322,2697.5333
28.9314,2703.6215
28.9306,2709.7096
28.9298,2715.7978
28.929,2721.8859
28.9282,2727.9741
28.9274,2734.0622
28.9266,2740.1504
28.9258,2746.2385
28.925,2752.3266
28.9242,2758.4148
28.9234,2764.5029
28.9226,2770.5911
28.9218,2776.6792
28.921,2782.7673
28.9202,2788.8555
28.9194,2794.9437
28.9186,2801.0318
28.9178,2807.12
28.917,2813.2081
28.9162,2819.2962
28.9154,2825.3844
28.9146,2831.4725
28.9138,2837.5607
28.913,2843.6488
28.9122,2849.737
28.9114,2855.8251
28.8498,2861.825
28.8491,2867.9131
28.8483,2874.0013
28.8475,2880.0894
28.8467,2886.1776
28.8458,2892.2657
28.8451,2898.3538
28.8443,2904.442
28.8435,2910.5302
28.8427,2916.6183
28.8418,2922.7065
28.8411,2928.7946
28.8403,2934.8827
28.8395,2940.9708
28.8387,2947.059
28.8378,2953.1472
28.8371,2959.2353
28.8363,2965.3235
28.8355,2971.4116
28.8347,2977.4998
28.8338,2983.5878
28.8331,2989.6761
28.8323,2995.7642
28.8315,3001.8523
28.8307,3007.9405
28.8298,3014.0286
28.8291,3020.1168
28.8283,3026.2049
28.8275,3032.2931
28.8267,3038.3812
28.8258,3044.4694
28.8251,3050.5575
28.7635,3056.5574
28.7628,3062.6455
28.762,3068.7337
28.7612,3074.8218
28.7604,3080.91
28.7596,3086.9981
28.7588,3093.0863
28.758,3099.1743
28.7572,3105.2625
28.7564,3111.3507
28.7556,3117.4388
28.7548,3123.527
28.754,3129.6151
28.6926,3135.615
28.6918,3141.7032
28.6909,3147.7913
28.6902,3153.8794
28.6894,3159.9676
28.6885,3166.0557
28.6877,3172.1439
28.6869,3178.232
28.6861,3184.3202
28.6853,3190.4083
28.6844,3196.4965
28.6837,3202.5846
28.6829,3208.6728
28.6821,3214.7609
28.6813,3220.849
28.6804,3226.9372
28.6797,3233.0253
28.6789,3239.1135
28.6781,3245.2016
28.6167,3251.2015
28.6159,3257.2897
28.6151,3263.3778
28.6143,3269.4659
28.6135,3275.5541
28.6127,3281.6421
28.6118,3287.7304
28.6111,3293.8185
28.6103,3299.9066
28.6095,3305.9948
28.548,3311.9947
28.5472,3318.0828
28.5464,3324.171
28.5455,3330.2591
28.5448,3336.3473
28.544,3342.4354
28.5432,3348.5236
28.5424,3354.6117
28.5415,3360.6999
28.5408,3366.788
28.54,3372.8761
28.5392,3378.9643
28.5384,3385.0524
28.4769,3391.0523
28.4761,3397.1405
28.4753,3403.2286
28.4745,3409.3168
28.4737,3415.4049
28.4729,3421.4931
28.4721,3427.5812
28.4713,3433.6693
28.4705,3439.7574
28.4697,3445.8456
28.4082,3451.8455
28.4074,3457.9337
28.4066,3464.0218
28.4058,3470.11
28.405,3476.1981
28.4042,3482.2862
28.4034,3488.3744
28.4026,3494.4625
28.3411,3500.4624
28.3403,3506.5506
28.3395,3512.6387
28.3387,3518.7269
28.3378,3524.815
28.3371,3530.9031
28.3363,3536.9912
28.3355,3543.0794
28.3347,3549.1676
28.3338,3555.2557
28.3331,3561.3439
28.3323,3567.432
28.2709,3573.4319
28.2701,3579.52
28.2692,3585.6082
28.2685,3591.6963
28.2677,3597.7845
28.2669,3603.8726
28.2661,3609.9607
28.2046,3615.9606
28.2038,3622.0488
28.203,3628.1369
28.2022,3634.2251
28.2014,3640.3132
28.2006,3646.4014
28.1998,3652.4895
28.199,3658.5777
28.1982,3664.6658
28.1974,3670.754
28.1359,3676.7538
28.1351,3682.842
28.1343,3688.9301
28.1335,3695.0183
28.1327,3701.1064
28.1319,3707.1945
28.1311,3713.2827
28.0695,3719.2826
28.0688,3725.3707
28.068,3731.4588
28.0672,3737.547
28.0664,3743.6352
28.0656,3749.7233
28.0648,3755.8115
28.064,3761.8996
28.0025,3767.8995
28.0017,3773.9876
28.0009,3780.0758
28.0001,3786.1639
27.9386,3792.1638
27.9379,3798.252
27.9371,3804.3401
27.9363,3810.4282
27.9355,3816.5164
27.9346,3822.6045
27.8732,3828.6044
27.8723,3834.6926
27.8716,3840.7807
27.8708,3846.8689
27.87,3852.9569
27.8692,3859.0451
27.8683,3865.1333
27.8069,3871.1332
27.8061,3877.2213
27.8053,3883.3094
27.8045,3889.3976
27.8037,3895.4858
27.7422,3901.4856
27.7414,3907.5737
27.7406,3913.6619
27.7398,3919.7501
27.7389,3925.8382
27.7382,3931.9264
27.7374,3938.0145
27.6759,3944.0144
27.6751,3950.1025
27.6743,3956.1907
27.6735,3962.2788
27.612,3968.2787
27.6113,3974.3669
27.6105,3980.455
27.6097,3986.5431
27.6089,3992.6313
27.608,3998.7194
27.5466,4004.7193
27.5457,4010.8075
27.545,4016.8956
27.5442,4022.9838
27.4827,4028.9836
27.4819,4035.0718
27.4811,4041.1599
27.4803,4047.2481
27.4188,4053.248
27.418,4059.3361
27.4172,4065.4242
27.4163,4071.5124
27.3549,4077.5123
27.3541,4083.6004
27.3533,4089.6886
27.3525,4095.7767
27.2911,4101.7766
27.2903,4107.8647
27.2894,4113.9529
27.2887,4120.041
27.2879,4126.1292
27.2264,4132.1291
27.2256,4138.2172
27.2248,4144.3053
27.224,4150.3935
27.1625,4156.3934
27.1617,4162.4815
27.1609,4168.5697
27.1601,4174.6578
27.1593,4180.7459
27.0977,4186.7458
27.097,4192.834
27.0962,4198.9221
27.0348,4204.922
27.034,4211.0101
27.0332,4217.0983
26.9717,4223.0982
26.9708,4229.1863
26.9701,4235.2745
26.9693,4241.3626
26.9078,4247.3625
26.907,4253.4506
26.9062,4259.5388
26.9054,4265.6269
26.8439,4271.6268
26.8431,4277.7149
26.8423,4283.8031
26.8415,4289.8912
26.78,4295.8911
26.7792,4301.9792
26.7784,4308.0674
26.717,4314.0673
26.7162,4320.1554
26.7154,4326.2436
26.6539,4332.2435
26.6531,4338.3316
26.6522,4344.4198
26.5908,4350.4196
26.5899,4356.5078
26.5285,4362.5077
26.5276,4368.5958
26.4663,4374.5957
26.4048,4380.5956
26.3433,4386.5955
26.2818,4392.5953
26.2211,4392.507
26.1597,4398.507
26.099,4398.4187
26.0375,4404.4186
25.9768,4404.3303
25.9162,4404.2421
25.8555,4404.1538
25.7948,4404.0655
25.7341,4403.9773
25.6735,4403.889
25.6128,4403.8007
25.5529,4397.6242
25.4922,4397.5361
25.4316,4397.4478
25.3717,4391.2713
25.311,4391.1831
25.2511,4385.0067
25.1913,4378.8303
25.1921,4372.7422
25.1322,4366.5657
25.0723,4360.3893
25.0731,4354.3012
25.0132,4348.1248
25.014,4342.0366
24.9542,4335.8601
24.955,4329.7721
24.9558,4323.6839
24.9566,4317.5958
24.9574,4311.5077
24.8975,4305.3312
24.8982,4299.2431
24.8991,4293.155
24.8999,4287.0668
24.8399,4280.8904
24.8408,4274.8023
24.8416,4268.7141
24.7816,4262.5377
24.7825,4256.4496
24.7833,4250.3614
24.7841,4244.2732
24.7243,4238.0969
24.725,4232.0087
24.7259,4225.9205
24.666,4219.7442
24.6667,4213.656
24.6676,4207.5678
24.6684,4201.4797
24.6085,4195.3033
24.6093,4189.2152
24.6101,4183.127
24.6109,4177.0389
24.551,4170.8625
24.5518,4164.7743
24.5526,4158.6862
24.4928,4152.5098
24.4936,4146.4216
24.4944,4140.3335
24.4952,4134.2453
24.4353,4128.0689
24.4361,4121.9808
24.4369,4115.8925
24.377,4109.7162
24.3778,4103.628
24.3179,4097.4517
24.3187,4091.3635
24.3195,4085.2753
24.2597,4079.099
24.2605,4073.0108
24.2612,4066.9226
24.2621,4060.8345
24.2022,4054.6581
24.203,4048.5699
24.2038,4042.4818
24.1439,4036.3054
24.1447,4030.2173
24.1455,4024.1291
24.0856,4017.9527
24.0864,4011.8646
24.0872,4005.7764
24.0274,3999.6
24.0282,3993.5119
24.029,3987.4237
24.0298,3981.3356
23.9699,3975.1592
23.9707,3969.071
23.9108,3962.8946
23.9116,3956.8065
23.9123,3950.7183
23.8525,3944.5419
23.8533,3938.4538
23.854,3932.3656
23.7943,3926.1892
23.7951,3920.1011
23.7959,3914.0129
23.736,3907.8365
23.7368,3901.7484
23.7376,3895.6602
23.6777,3889.4838
23.6785,3883.3957
23.6186,3877.2193
23.6194,3871.1311
23.5596,3864.9546
23.5604,3858.8666
23.5612,3852.7784
23.5013,3846.6019
23.5021,3840.5139
23.4422,3834.3375
23.443,3828.2493
23.4438,3822.1612
23.4445,3816.073
23.3847,3809.8965
23.3855,3803.8085
23.3256,3797.632
23.3265,3791.5439
23.3273,3785.4558
23.2674,3779.2793
23.2682,3773.1912
23.2083,3767.0148
23.2091,3760.9266
23.2099,3754.8385
23.15,3748.6621
23.1508,3742.5739
23.091,3736.3975
23.0918,3730.3094
23.0926,3724.2213
23.0327,3718.0448
23.0335,3711.9567
23.0343,3705.8686
22.9744,3699.6921
22.9752,3693.604
22.9153,3687.4276
22.9161,3681.3394
22.9169,3675.2513
22.8571,3669.0749
22.7972,3662.8984
22.798,3656.8103
22.7381,3650.6339
22.7389,3644.5457
22.7397,3638.4576
22.6798,3632.2812
22.6806,3626.1931
22.6208,3620.0167
22.6216,3613.9285
22.6223,3607.8404
22.5625,3601.664
22.5026,3595.4876
22.5034,3589.3994
22.5042,3583.3113
22.4443,3577.1349
22.4451,3571.0467
22.3853,3564.8702
22.3254,3558.6939
22.3262,3552.6058
22.327,3546.5175
22.2671,3540.3412
22.2679,3534.253
22.208,3528.0766
22.2088,3521.9885
22.2096,3515.9003
22.149,3515.8121
22.0891,3509.6357
22.0899,3503.5474
22.0907,3497.4594
22.0308,3491.283
22.0316,3485.1948
21.9717,3479.0184
21.9119,3472.842
21.9127,3466.7539
21.9135,3460.6657
21.8536,3454.4893
21.7936,3448.3129
21.7945,3442.2248
21.7953,3436.1366
21.7354,3429.9602
21.6756,3423.7838
21.6764,3417.6957
21.6165,3411.5192
21.5566,3405.3428
21.5574,3399.2547
21.4975,3393.0783
21.4983,3386.9901
21.4385,3380.8136
21.4393,3374.7256
21.3794,3368.5492
21.3801,3362.461
21.3203,3356.2846
21.2604,3350.1082
21.2006,3343.9318
21.2014,3337.8437
21.1415,3331.6673
21.1423,3325.5791
21.0824,3319.4027
21.0225,3313.2263
21.0233,3307.1381
20.9635,3300.9617
20.9643,3294.8736
20.9043,3288.6972
20.8445,3282.5208
20.7846,3276.3444
20.7854,3270.2562
20.7256,3264.0798
20.6657,3257.9034
20.6665,3251.8153
20.6066,3245.6388
20.5467,3239.4624
20.4868,3233.286
20.427,3227.1096
20.4278,3221.0215
20.3679,3214.8451
20.308,3208.6686
20.3088,3202.5805
20.2482,3202.4922
20.249,3196.4041
20.2498,3190.316
20.1891,3190.2277
20.1899,3184.1395
20.1292,3184.0513
20.0693,3177.8749
20.0095,3171.6985
20.0103,3165.6103
19.9504,3159.4339
19.8904,3153.2575
19.8913,3147.1694
19.8314,3140.9929
19.7708,3140.9047
19.7109,3134.7283
19.7117,3128.6401
19.6518,3122.4637
19.6526,3116.3756
19.5927,3110.1992
19.5328,3104.0228
19.4729,3097.8463
19.4131,3091.6699
19.3532,3085.4935
19.2933,3079.3171
19.2335,3073.1407
19.1736,3066.9643
19.1137,3060.7879
19.0538,3054.6115
18.994,3048.4351
18.9948,3042.3469
18.9348,3036.1705
18.875,3029.9941
18.8151,3023.8176
18.7553,3017.6413
18.6954,3011.4649
18.6347,3011.3766
18.6355,3005.2885
18.5748,3005.2002
18.5756,2999.1121
18.515,2999.0238
18.5158,2992.9357
18.4551,2992.8474
18.4559,2986.7591
18.396,2980.5828
18.3361,2974.4064
18.3369,2968.3183
18.2771,2962.1419
18.2164,2962.0536
18.1557,2961.9653
18.0958,2955.7889
18.036,2949.6125
17.9761,2943.4361
17.9162,2937.2597
17.917,2931.1716
17.8563,2931.0833
17.8571,2924.9952
17.7965,2924.9069
17.7973,2918.8187
17.7366,2918.7305
17.7374,2912.6423
17.6766,2912.5541
17.6168,2906.3777
17.557,2900.2013
17.4971,2894.0248
17.4372,2887.8484
17.3773,2881.672
17.378,2875.5838
17.3183,2869.4075
17.2584,2863.2311
17.1985,2857.0547
17.1386,2850.8782
17.0779,2850.79
17.0173,2850.7017
16.9574,2844.5253
16.9582,2838.4372
16.8975,2838.3489
16.8982,2832.2608
16.8376,2832.1724
16.8384,2826.0843
16.7778,2825.9961
16.7179,2819.8197
16.658,2813.6433
16.5981,2807.4668
16.5383,2801.2904
16.4784,2795.114
16.4184,2788.9376
16.3586,2782.7612
16.2988,2776.5848
16.2389,2770.4083
16.179,2764.232
16.1191,2758.0556
16.0585,2757.9673
15.9986,2751.7909
15.9994,2745.7027
15.9386,2745.6145
15.9395,2739.5263
15.8788,2739.4381
15.8796,2733.3498
15.819,2733.2617
15.8197,2727.1735
15.7591,2727.0853
15.6984,2726.9969
15.6385,2720.8206
15.5787,2714.6442
15.5188,2708.4678
15.4588,2702.2913
15.3982,2702.2031
15.3384,2696.0267
15.3392,2689.9385
15.2793,2683.7621
15.2186,2683.6739
15.1587,2677.4975
15.0988,2671.3211
15.039,2665.1446
14.979,2658.9682
14.9184,2658.88
14.8585,2652.7036
14.7987,2646.5272
14.7388,2640.3507
14.6789,2634.1743
14.6181,2634.0861
14.5584,2627.9097
14.4985,2621.7332
14.4386,2615.5568
14.3787,2609.3804
14.3189,2603.204
14.2582,2603.1158
14.1983,2596.9394
14.1384,2590.7629
14.0778,2590.6747
14.0179,2584.4983
13.958,2578.3219
13.8981,2572.1455
13.8383,2565.9689
13.7784,2559.7926
13.7177,2559.7044
13.6578,2553.528
13.5979,2547.3516
13.5381,2541.1751
13.4774,2541.0869
13.4175,2534.9104
13.3577,2528.7341
13.2978,2522.5577
13.2379,2516.3812
13.1772,2516.293
13.1173,2510.1166
13.0575,2503.9402
12.9968,2503.8519
12.9369,2497.6755
12.877,2491.499
12.8164,2491.4108
12.7565,2485.2344
12.6966,2479.058
12.6367,2472.8816
12.576,2472.7933
12.5162,2466.6169
12.4563,2460.4405
12.3956,2460.3522
12.3963,2454.2641
12.3366,2448.0877
12.2759,2447.9994
12.216,2441.823
12.1561,2435.6465
12.0955,2435.5583
12.0356,2429.3819
11.9757,2423.2055
11.915,2423.1173
11.8552,2416.9409
11.7953,2410.7644
11.7354,2404.588
11.6755,2398.4116
11.6149,2398.3234
11.555,2392.147
11.495,2385.9705
11.4344,2385.8822
11.3745,2379.7059
11.3139,2379.6176
11.254,2373.4412
11.1941,2367.2648
11.1342,2361.0884
11.0735,2361.0001
11.0137,2354.8237
10.9538,2348.6473
10.8931,2348.559
10.8333,2342.3826
10.7734,2336.2062
10.7127,2336.1179
10.6528,2329.9415
10.593,2323.7651
10.5323,2323.6768
10.4724,2317.5005
10.4125,2311.3241
10.3519,2311.2358
10.292,2305.0594
10.2321,2298.883
10.1722,2292.7066
10.1116,2292.6183
10.0517,2286.4419
9.9918,2280.2655
9.9311,2280.1772
9.8713,2274.0008
9.8114,2267.8244
9.7507,2267.7361
9.6907,2261.5596
9.631,2255.3833
9.5703,2255.2951
9.5104,2249.1186
9.4505,2242.9422
9.3906,2236.7658
9.33,2236.6776
9.2701,2230.5011
9.2094,2230.4129
9.1495,2224.2365
9.0897,2218.0601
9.029,2217.9718
8.9691,2211.7953
8.9092,2205.619
8.8486,2205.5307
8.7887,2199.3543
8.7288,2193.1779
8.6681,2193.0896
8.6082,2186.9132
8.5484,2180.7368
8.4877,2180.6486
8.4278,2174.4722
8.3679,2168.2957
8.3073,2168.2075
8.2474,2162.0311
8.1875,2155.8547
8.1269,2155.7664
8.067,2149.5899
8.0071,2143.4136
7.9464,2143.3253
7.8866,2137.1489
7.8258,2137.0606
7.766,2130.8841
7.7061,2124.7078
7.6461,2118.5314
7.5856,2118.4432
7.5257,2112.2667
7.465,2112.1785
7.4051,2106.0021
7.3453,2099.8256
7.2846,2099.7374
7.2247,2093.561
7.1648,2087.3846
7.1042,2087.2963
7.0443,2081.1199
6.9844,2074.9435
6.9237,2074.8552
6.8639,2068.6787
6.804,2062.5024
6.7441,2056.326
6.6842,2050.1496
6.6236,2050.0613
6.5636,2043.8849
6.5038,2037.7085
6.4431,2037.6202
6.3833,2031.4438
6.3234,2025.2674
6.2635,2019.091
6.2028,2019.0028
6.143,2012.8264
6.0831,2006.6499
6.0224,2006.5617
5.9625,2000.3853
5.9026,1994.2089
5.8428,1988.0325
5.7829,1981.8559
5.7222,1981.7678
5.7229,1975.6796
5.6623,1975.5914
5.6017,1975.503
5.5417,1969.3267
5.4819,1963.1503
5.422,1956.9739
5.3622,1950.7974
5.3014,1950.7092
5.2416,1944.5328
5.1817,1938.3564
5.1211,1938.2681
5.0612,1932.0917
5.0013,1925.9153
4.9414,1919.7389
4.8808,1919.6505
4.8209,1913.4742
4.761,1907.2978
4.701,1901.1214
4.6404,1901.0331
4.5806,1894.8567
4.5207,1888.6803
4.46,1888.592
4.4002,1882.4157
4.3403,1876.2392
4.2804,1870.0628
4.2205,1863.8864
4.1599,1863.7982
4.1,1857.6218
4.0401,1851.4453
3.9802,1845.2689
3.9203,1839.0925
3.8597,1839.0043
3.7997,1832.8279
3.7399,1826.6514
3.68,1820.475
3.6194,1820.3868
3.5594,1814.2104
3.4996,1808.034
3.4397,1801.8575
3.3799,1795.6811
3.3192,1795.5929
3.2593,1789.4165
3.1994,1783.2401
3.1396,1777.0636
3.0796,1770.8872
3.019,1770.799
3.0198,1764.7107
2.9599,1758.5344
2.8993,1758.4461
2.8394,1752.2697
2.7795,1746.0933
2.7196,1739.9169
2.6598,1733.7405
2.5991,1733.6522
2.5392,1727.4758
2.4793,1721.2993
2.4195,1715.123
2.3596,1708.9466
2.2997,1702.7702
2.2398,1696.5937
2.1792,1696.5055
2.1193,1690.3291
2.0594,1684.1527
1.9995,1677.9763
1.9396,1671.7999
1.8798,1665.6235
1.8199,1659.4471
1.76,1653.2707
1.6993,1653.1824
1.7001,1647.0943
1.6402,1640.9178
1.6411,1634.8296
1.5804,1634.7414
1.5205,1628.565
1.4606,1622.3886
1.4,1622.3004
1.3401,1616.1239
1.2802,1609.9475
1.281,1603.8594
1.2203,1603.7711
1.2211,1597.683
1.1605,1597.5947
1.1006,1591.4183
1.0407,1585.2419
0.9808,1579.0655
0.921,1572.8891
0.9218,1566.8009
0.8611,1566.7127
0.8012,1560.5363
0.7412,1554.3599
0.7421,1548.2717
0.6815,1548.1834
0.6216,1542.007
0.6223,1535.9189
0.5625,1529.7425
0.5026,1523.5661
0.442,1523.4778
0.4428,1517.3897
0.382,1517.3014
0.3829,1511.2133
0.323,1505.0368
0.2631,1498.8604
0.2025,1498.7722
0.1426,1492.5958
0.0827,1486.4194
0.0835,1480.3312
0.0236,1474.1548
-0.0362,1467.9784
-0.0969,1467.8901
-0.0961,1461.802
-0.156,1455.6256
-0.2167,1455.5373
-0.2766,1449.3609
-0.3364,1443.1844
-0.3356,1437.0963
-0.3963,1437.0081
-0.3955,1430.9199
-0.4562,1430.8317
-0.5161,1424.6553
-0.5758,1418.4788
-0.5751,1412.3907
-0.5743,1406.3026
-0.6341,1400.1262
-0.6941,1393.9497
-0.754,1387.7732
-0.8138,1381.5969
-0.8737,1375.4205
-0.9344,1375.3323
-0.9336,1369.2441
-0.9935,1363.0677
-0.9927,1356.9796
-1.0525,1350.8031
-1.1124,1344.6267
-1.1723,1338.4503
-1.2322,1332.2739
-1.292,1326.0975
-1.2912,1320.0094
-1.3511,1313.833
-1.411,1307.6564
-1.4708,1301.4801
-1.4701,1295.392
-1.5299,1289.2156
-1.5897,1283.0392
-1.6497,1276.8628
-1.6489,1270.7746
-1.7088,1264.5981
-1.7686,1258.4218
-1.8285,1252.2454
-1.8883,1246.069
-1.8876,1239.9808
-1.9475,1233.8044
-2.0073,1227.628
-2.0065,1221.5399
-2.0664,1215.3635
-2.1263,1209.1871
-2.1255,1203.0989
-2.1854,1196.9224
-2.2452,1190.7461
-2.3051,1184.5697
-2.3043,1178.4815
-2.3642,1172.3051
-2.4241,1166.1287
-2.4233,1160.0406
-2.483,1153.8641
-2.4823,1147.776
-2.5422,1141.5996
-2.6021,1135.4232
-2.6013,1129.3351
-2.6612,1123.1586
-2.721,1116.9822
-2.7202,1110.8941
-2.7801,1104.7177
-2.7793,1098.6295
-2.8392,1092.4531
-2.8991,1086.2767
-2.8982,1080.1886
-2.9588,1080.1003
-2.9581,1074.0122
-3.018,1067.8357
-3.0779,1061.6593
-3.0771,1055.5712
-3.1378,1055.4828
-3.137,1049.3948
-3.1968,1043.2184
-3.2567,1037.042
-3.2559,1030.9538
-3.3166,1030.8656
-3.3158,1024.7774
-3.3757,1018.601
-3.4356,1012.4245
-3.4348,1006.3365
-3.4954,1006.2482
-3.4946,1000.16
-3.5545,993.9836
-3.6143,987.8072
-3.6136,981.7191
-3.6743,981.6308
-3.6735,975.5427
-3.7332,969.3663
-3.7932,963.1899
-3.7924,957.1017
-3.8531,957.0134
-3.8523,950.9253
-3.9122,944.7489
-3.972,938.5725
-3.9712,932.4843
-4.0319,932.3961
-4.0918,926.2197
-4.091,920.1315
-4.1509,913.955
-4.1501,907.867
-4.2107,907.7787
-4.2706,901.6023
-4.2698,895.5141
-4.3296,889.3377
-4.3896,883.1613
-4.4494,876.9849
-4.4485,870.8968
-4.5085,864.7204
-4.5077,858.6322
-4.5676,852.4558
-4.5668,846.3677
-4.6267,840.1913
-4.6865,834.0148
-4.7464,827.8384
-4.7456,821.7503
-4.8054,815.5739
-4.8662,815.4856
-4.926,809.3092
-4.9252,803.2211
-4.9851,797.0447
-5.045,790.8681
-5.1049,784.6918
-5.1041,778.6037
-5.1639,772.4273
-5.2238,766.2509
-5.2837,760.0745
-5.3436,753.8981
-5.4034,747.7216
-5.4026,741.6335
-5.4625,735.4571
-5.5224,729.2807
-5.5823,723.1043
-5.6421,716.9279
-5.702,710.7515
-5.7619,704.575
-5.8218,698.3986
-5.821,692.3105
-5.8808,686.1341
-5.9407,679.9577
-6.0006,673.7812
-6.0605,667.6049
-6.1203,661.4284
-6.1802,655.252
-6.2401,649.0756
-6.3,642.8992
-6.3599,636.7227
-6.3591,630.6347
-6.4189,624.4583
-6.4788,618.2818
-6.5387,612.1054
-6.5986,605.929
-6.6583,599.7526
-6.7183,593.5762
-6.7782,587.3998
-6.8389,587.3115
-6.8995,587.2233
-6.8987,581.1351
-6.9594,581.0469
-6.9586,574.9586
-7.0193,574.8705
-7.0185,568.7823
-7.0792,568.694
-7.139,562.5175
-7.1989,556.3412
-7.2588,550.1648
-7.3187,543.9884
-7.3785,537.812
-7.4384,531.6356
-7.499,531.5473
-7.559,525.3709
-7.6188,519.1945
-7.6787,513.0181
-7.7386,506.8417
-7.7378,500.7534
-7.7985,500.6653
-7.8591,500.577
-7.919,494.4006
-7.9788,488.2242
-8.0388,482.0478
-8.0986,475.8714
-8.1585,469.6949
-8.2192,469.6067
-8.2791,463.4303
-8.339,457.2539
-8.3988,451.0775
-8.4595,450.9891
-8.5194,444.8128
-8.5793,438.6364
-8.6391,432.46
-8.6989,426.2836
-8.7597,426.1953
-8.8195,420.0189
-8.8794,413.8425
-8.9401,413.7542
-9,407.5777
-9.0599,401.4014
-9.1205,401.3132
-9.1804,395.1367
-9.2411,395.0485
-9.301,388.8721
-9.3608,382.6957
-9.4215,382.6074
-9.4814,376.431
-9.5421,376.3427
-9.6019,370.1663
-9.6625,370.0781
-9.7225,363.9016
-9.7824,357.7252
-9.8422,351.5488
-9.9029,351.4606
-9.9636,351.3723
-10.0235,345.1959
-10.0842,345.1076
-10.144,338.9312
-10.2046,338.843
-10.2646,332.6665
-10.3245,326.4901
-10.3851,326.4019
-10.4458,326.3136
-10.5057,320.1372
-10.5655,313.9607
-10.6261,313.8725
-10.6861,307.6961
-10.7468,307.6078
-10.8067,301.4314
-10.8673,301.3432
-10.928,301.2549
-10.9879,295.0785
-11.0486,294.9902
-11.1084,288.8138
-11.1691,288.7256
-11.229,282.5492
-11.2897,282.4609
-11.3503,282.3726
-11.4102,276.1962
-11.4708,276.108
-11.5308,269.9316
-11.5914,269.8433
-11.6513,263.6669
-11.712,263.5786
-11.7727,263.4904
-11.8326,257.3139
-11.8932,257.2257
-11.9539,257.1374
-12.0138,250.9609
-12.0745,250.8727
-12.1351,250.7845
-12.195,244.608
-12.2557,244.5198
-12.3155,238.3434
-12.3761,238.2551
-12.4369,238.1669
-12.4968,231.9905
-12.5575,231.9022
-12.6181,231.8138
-12.678,225.6375
-12.7387,225.5493
-12.7993,225.461
-12.8592,219.2846
-12.9199,219.1963
-12.9806,219.1081
-13.0413,219.0198
-13.1019,218.9315
-13.1618,212.7551
-13.2225,212.6669
-13.2832,212.5786
-13.3431,206.4022
-13.4037,206.3139
-13.4644,206.2257
-13.5251,206.1374
-13.585,199.9609
-13.6456,199.8727
-13.6448,193.7846
-13.7055,193.6963
-13.7662,193.608
-13.826,187.4316
-13.8867,187.3434
-13.9466,181.167
-14.0073,181.0787
-14.0672,174.9022
-14.1278,174.814
-14.1885,174.7258
-14.2484,168.5493
-14.3091,168.4611
-14.3689,162.2847
-14.4288,156.1083
-14.4887,149.9319
-14.5486,143.7555
-14.5478,137.6673
-14.6076,131.4909
-14.6068,125.4028
-14.6059,119.3146
-14.6052,113.2265
-14.5438,107.2266
-14.543,101.1384
-14.4815,95.1386
-14.42,89.1387
-14.4192,83.0505
-14.3585,83.1388
-14.2979,83.2271
-14.2364,77.2272
-14.1757,77.3154
-14.1142,71.3155
-14.0536,71.4038
-13.9929,71.4921
-13.9314,65.4922
-13.8707,65.5805
-13.8101,65.6686
-13.7494,65.757
-13.6886,65.8453
-13.628,65.9335
-13.5673,66.0218
-13.5067,66.1101
-13.446,66.1983
-13.3853,66.2866
-13.3246,66.3748
-13.264,66.4631
-13.2033,66.5514
-13.1426,66.6396
-13.0819,66.7279
-13.0213,66.8162
-12.9598,60.8163
-12.8991,60.9045
-12.8384,60.9928
-12.7778,61.0811
-12.717,61.1693
-12.6564,61.2576
-12.5957,61.3458
-12.5351,61.4341
-12.4744,61.5224
-12.4137,61.6107
-12.353,61.6989
-12.2923,61.7872
-12.2317,61.8754
-12.171,61.9637
-12.1103,62.052
-12.0496,62.1402
-11.9889,62.2285
-11.9283,62.3168
-11.8676,62.405
-11.8069,62.4933
-11.7463,62.5816
-11.6856,62.6698
-11.6249,62.7581
-11.5642,62.8463
-11.5036,62.9346
-11.4429,63.0229
-11.383,69.1993
-11.3223,69.2875
-11.2617,69.3758
-11.201,69.4641
-11.1403,69.5523
-11.0796,69.6406
-11.0189,69.7288
-10.9583,69.8171
-10.8976,69.9054
-10.8369,69.9937
-10.7762,70.0819
-10.7156,70.1702
-10.6549,70.2584
-10.5941,70.3467
-10.5335,70.435
-10.4729,70.5232
-10.4122,70.6115
-10.3515,70.6998
-10.2908,70.788
-10.2302,70.8763
-10.1695,70.9646
-10.1088,71.0528
-10.0481,71.1411
-9.9875,71.2294
-9.9268,71.3176
-9.866,71.4059
-9.8054,71.4941
-9.7447,71.5824
-9.6841,71.6707
-9.6234,71.7589
-9.5627,71.8472
-9.502,71.9355
-9.4414,72.0237
-9.3807,72.112
-9.32,72.2003
-9.2593,72.2885
-9.1987,72.3768
-9.138,72.465
-9.0773,72.5533
-9.0166,72.6416
-8.956,72.7298
-8.8953,72.8181
-8.8346,72.9064
-8.7739,72.9946
-8.7133,73.0829
-8.6526,73.1712
-8.5918,73.2594
-8.5312,73.3477
-8.4705,73.4359
-8.4099,73.5242
-8.3492,73.6125
-8.2885,73.7006
-8.227,67.7008
-8.1663,67.7891
-8.1057,67.8774
-8.045,67.9656
-7.9843,68.0539
-7.9237,68.1421
-7.863,68.2304
-7.8023,68.3187
-7.7416,68.407
-7.681,68.4952
-7.6202,68.5835
-7.5596,68.6718
-7.4989,68.76
-7.4383,68.8483
-7.3776,68.9365
-7.3169,69.0248
-7.2562,69.1131
-7.1955,69.2013
-7.1349,69.2896
-7.0742,69.3779
-7.0135,69.4661
-6.9527,69.5544
-6.8921,69.6427
-6.8315,69.7309
-6.7708,69.8192
-6.7101,69.9074
-6.6495,69.9957
-6.5888,70.084
-6.5281,70.1722
-6.4674,70.2605
-6.4068,70.3488
-6.3461,70.437
-6.2854,70.5253
-6.2247,70.6136
-6.1641,70.7018
-6.1034,70.7901
-6.0427,70.8782
-5.982,70.9666
-5.9213,71.0549
-5.8607,71.1431
-5.8,71.2314
-5.7393,71.3197
-5.6785,71.4079
-5.6179,71.4962
-5.5573,71.5845
-5.4966,71.6726
-5.4359,71.761
-5.3753,71.8492
-5.3138,65.8494
-5.3146,71.9375
-5.2539,72.0258
-5.1932,72.114
-5.1326,72.2023
-5.0719,72.2906
-5.0112,72.3788
-4.9505,72.4671
-4.8899,72.5554
-4.8292,72.6436
-4.7685,72.7319
-4.7078,72.8202
-4.6471,72.9083
-4.5865,72.9967
-4.5258,73.0849
-4.4651,73.1732
-4.4043,73.2615
-4.3437,73.3497
-4.2831,73.438
-4.2224,73.5263
-4.1617,73.6145
-4.1011,73.7027
-4.0404,73.7911
-3.9797,73.8793
-3.919,73.9676
-3.8584,74.0558
-3.7976,74.1441
-3.737,74.2324
-3.6763,74.3206
-3.6157,74.4089
-3.555,74.4971
-3.4943,74.5854
-3.4336,74.6737
-3.3729,74.762
-3.3123,74.8502
-3.2516,74.9385
-3.1909,75.0267
-3.1302,75.115
-3.0695,75.2033
-3.0089,75.2915
-2.9482,75.3798
-2.8875,75.4681
-2.8269,75.5563
-2.7662,75.6446
-2.7055,75.7328
-2.6448,75.8211
-2.5842,75.9094
-2.5234,75.9976
-2.4628,76.0859
-2.4013,70.086
-2.3407,70.1743
-2.28,70.2626
-2.2193,70.3508
-2.1586,70.4391
-2.0979,70.5272
-2.0373,70.6156
-1.9766,70.7039
-1.9159,70.7921
-1.8552,70.8803
-1.7946,70.9687
-1.7339,71.0569
-1.6732,71.1452
-1.6125,71.2335
-1.5518,71.3216
-1.4912,71.41
-1.4304,71.4982
-1.3698,71.5865
-1.3092,71.6747
-1.2485,71.763
-1.1878,71.8513
-1.1271,71.9396
-1.0665,72.0278
-1.0058,72.1161
-0.9451,72.2044
-0.8843,72.2926
-0.8237,72.3809
-0.7631,72.4691
-0.7024,72.5574
-0.6417,72.6457
-0.581,72.7339
-0.5204,72.8222
-0.4597,72.9104
-0.399,72.9987
-0.3383,73.087
-0.2777,73.1753
-0.217,73.2635
-0.1562,73.3518
-0.0956,73.44
-0.035,73.5283
0.0257,73.6166
0.0864,73.7048
0.1471,73.7931
0.2077,73.8814
0.2684,73.9696
0.3291,74.0579
0.3898,74.1461
0.4505,74.2344
0.511,74.3227
0.5718,74.411
0.6324,74.4992
0.6932,74.5875
0.7538,74.6757
0.8145,74.764
0.8752,74.8523
0.9367,68.8524
0.9973,68.9407
1.058,69.0289
1.1187,69.1172
1.1794,69.2054
1.24,69.2937
1.3007,69.382
1.3614,69.4702
1.4221,69.5585
1.4828,69.6468
1.5434,69.7349
1.604,69.8233
1.6648,69.9116
1.7255,69.9998
1.7861,70.0881
1.8468,70.1763
1.9075,70.2646
1.9682,70.3529
2.0288,70.4411
2.0895,70.5293
2.1502,70.6177
2.2109,70.7059
2.2715,70.7942
2.3322,70.8824
2.3929,70.9707
2.4536,71.059
2.5142,71.1472
2.5749,71.2355
2.6356,71.3237
2.6963,71.412
2.757,71.5003
2.8176,71.5886
2.8791,65.5887
2.9398,65.6768
3.0005,65.7652
3.0611,65.8535
3.1218,65.9417
3.1825,66.03
3.2432,66.1183
3.3038,66.2065
3.3645,66.2948
3.4252,66.3831
3.4859,66.4713
3.5465,66.5596
3.6072,66.6478
3.6679,66.7361
3.7286,66.8244
3.7892,66.9125
3.8498,67.0009
3.9114,61.001
3.9721,61.0893
4.0328,61.1775
4.0934,61.2658
4.1541,61.3541
4.2147,61.4423
4.2755,61.5306
4.3361,61.6189
4.3968,61.7071
4.4575,61.7953
4.5182,61.8837
4.5788,61.9719
4.6395,62.0602
4.7002,62.1484
4.7609,62.2367
4.8215,62.325
4.883,56.3251
4.9437,56.4134
5.0044,56.5016
5.065,56.5899
5.1257,56.6781
5.1864,56.7664
5.2471,56.8547
5.3078,56.9428
5.3684,57.0312
5.4291,57.1195
5.4898,57.2077
5.5505,57.296
5.6111,57.3843
5.6718,57.4725
5.7325,57.5608
5.7932,57.6491
5.8546,51.6492
5.9153,51.7374
5.976,51.8256
6.0367,51.914
6.0973,52.0022
6.158,52.0905
6.2187,52.1788
6.2793,52.267
6.34,52.3553
6.4007,52.4435
6.4614,52.5318
6.5229,46.5319
6.5836,46.6202
6.6442,46.7085
6.7048,46.7967
6.7656,46.885
6.8263,46.9731
6.8869,47.0615
6.9476,47.1498
7.0083,47.238
7.069,47.3263
7.1296,47.4146
7.1903,47.5028
7.251,47.5911
7.3125,41.5912
7.3731,41.6795
7.4338,41.7677
7.4945,41.8559
7.5552,41.9443
7.6158,42.0325
7.6764,42.1208
7.7372,42.2091
7.7979,42.2973
7.8594,36.2974
7.92,36.3857
7.9807,36.474
8.0414,36.5622
8.1021,36.6505
8.1627,36.7388
8.2234,36.827
8.2841,36.9153
8.3448,37.0035
8.4054,37.0918
8.4661,37.1801
8.5268,37.2683
8.5883,31.2685
8.6489,31.3567
8.7096,31.445
8.7703,31.5332
8.831,31.6215
8.8916,31.7098
8.9531,25.7099
9.0138,25.7982
9.0745,25.8864
9.1352,25.9747
9.1958,26.0629
9.2565,26.1512
9.3172,26.2395
9.3787,20.2396
9.4393,20.3279
9.5,20.4161
9.5607,20.5044
9.6214,20.5926
9.682,20.6808
9.7427,20.7692
9.8034,20.8574
9.8649,14.8576
9.9255,14.9458
9.9862,15.0341
10.0469,15.1223
10.1076,15.2106
10.1683,15.2989
10.2297,9.299
10.2912,3.2991
10.2912,0
10.3519,0
10.4126,0
10.4732,0
10.5339,0
10.5946,0
10.6553,0
10.7159,0
10.7766,0
10.8373,0
10.898,0
10.9586,0
11.0193,0
11.08,0
11.1407,0
11.2013,0
11.262,0
11.3227,0
11.3834,0
11.4441,0
11.5047,0
11.5654,0
11.6261,0
11.6867,0
11.7473,0
11.8081,0
11.8688,0
11.9295,0
11.9901,0
12.0508,0
12.1115,0
12.1722,0
12.2328,0
12.2934,0
12.3542,0
12.4149,0
12.4755,0
12.5362,0
12.5969,0
12.6576,0
12.7183,0
12.7797,0
12.8404,0
12.9011,0
12.9618,0
13.0224,0
13.0831,0
13.1438,0
13.2045,0
13.2651,0
13.3258,0
13.3865,0
13.4472,0
13.5078,0
13.5685,0
13.6292,0
13.6899,0
13.7505,0
13.8112,0
13.8719,0
13.9325,0
13.9933,0
14.0539,0
14.1146,0
14.1753,0
14.236,0
14.2966,0
14.3573,0
14.418,0
14.4787,0
14.5393,0
14.6,0
14.6606,0
14.7214,0
14.782,0
14.8427,0
14.9034,0
14.9641,0
15.0247,0
15.0854,0
15.1461,0
15.2068,0
15.2675,0
15.3281,0
15.3888,0
15.4495,0
15.5102,0
15.5708,0
15.6315,0
15.6922,0
15.7529,0
15.8135,0
15.8742,0
15.9348,0
15.9956,0
16.0562,0
16.1169,0
16.1776,0
16.2383,0
16.2989,0
16.3596,0
16.4203,0
16.4809,0
16.5417,0
16.6031,0
16.6638,0
16.7245,0
16.7852,0
16.8458,0
16.9064,0
16.9672,0
17.0279,0
17.0885,0
17.1492,0
17.2099,0
17.2706,0
17.3312,0
17.3919,0
17.4526,0
17.5133,0
17.5739,0
17.6346,0
17.6953,0
17.756,0
17.8167,0
17.8773,0
17.938,0
17.9987,0
18.0594,0
18.12,0
18.1807,0
18.2414,0
18.3021,0
18.3627,0
18.4234,0
18.4841,0
18.5448,0
18.6054,0
18.6661,0
18.7268,0
18.7875,0
18.8481,0
18.9088,0
18.9695,0
19.0302,0
19.0909,0
19.1515,0
19.2122,0
19.2729,0
19.3336,0
19.3942,0
19.4549,0
19.5156,0
19.5763,0
19.6369,0
19.6976,0
19.7583,0
19.819,0
19.8796,0
19.9403,0
20.001,0
20.0617,0
20.1223,0
20.183,0
20.2437,0
20.3044,0
20.3651,0
20.4264,0
20.4872,0
20.5479,0
20.6086,0
20.6692,0
20.7299,0
20.7906,0
20.8513,0
20.9119,0
20.9726,0
21.0333,0
21.094,0
21.1546,0
21.2153,0
21.276,0
21.3367,0
21.3973,0
21.458,0
21.5187,0
21.5794,0
21.6401,0
21.7006,0
21.7614,0
21.8221,0
21.8828,0
21.9434,0
22.0041,0
22.0648,0
22.1255,0
22.1861,0
22.2468,0
22.3075,0
22.3682,0
22.4288,0
22.4895,0
22.5502,0
22.6109,0
22.6715,0
22.7322,0
22.7929,0
22.8536,0
22.9143,0
22.9748,0
23.0356,0
23.0963,0
23.157,0
23.2176,0
23.2783,0
23.339,0
23.3997,0
23.4603,0
23.521,0
23.5817,0
23.6423,0
23.7029,0
23.7637,0
23.8244,0
23.8851,0
23.9457,0
24.0064,0
24.0671,0
24.1278,0
24.1885,0
24.249,0
24.3106,0
24.3713,0
24.432,0
24.4926,0
24.5533,0
24.6139,0
24.6747,0
24.7353,0
24.796,0
24.8567,0
24.9174,0
24.978,0
25.0387,0
25.0994,0
25.1601,0
25.2207,0
25.2814,0
25.3421,0
25.4028,0
25.4635,0
25.5241,0
25.5848,0
25.6455,0
25.7062,0
25.7668,0
25.8275,0
25.8881,0
25.9489,0
26.0095,0
26.0702,0
26.1309,0
26.1916,0
26.2522,0
26.3129,0
26.3736,0
26.4343,0
26.4949,0
26.5556,0
26.6162,0
26.677,0
26.7377,0
26.7983,0
26.859,0
26.9197,0
26.9804,0
27.041,0
27.1017,0
27.1623,0
27.2231,0
27.2837,0
27.3444,0
27.4051,0
27.4658,0
27.5264,0
27.5871,0
27.6478,0
27.7085,0
27.7691,0
27.8298,0
27.8904,0
27.9512,0
28.0119,0
28.0725,0
28.134,0
28.1947,0
28.2554,0
28.316,0
28.3767,0
28.4374,0
28.4981,0
28.5587,0
28.6194,0
28.6801,0
28.7408,0
28.8014,0
28.862,0
28.9228,0
30,0
30,0
30,0.1319
30,0.2201
30,0.3084
30,0.3967
30,0.4849
30,0.5732
30,0.6615
30,0.7497
30,0.838
30,0.9263
30,1.0145
30,1.1028
30,1.191
30,1.2793
30,1.3676
30,1.4558
30,1.5441
30,7.6322
30,13.7204
30,19.8085
30,25.8967
30,31.9848
30,38.073
30,44.1611
30,50.2493
30,56.3374
30,62.4256
30,68.5137
30,74.6018
30,80.69
30,86.7781
30,92.8662
30,98.9544
30,105.0426
30,111.1307
30,117.2189
30,123.307
30,129.3952
30,135.4833
30,141.5714
30,147.6596
30,153.7477
30,159.8359
30,165.924
30,172.0122
30,178.1003
30,184.1885
30,190.2766
30,196.3648
30,202.4529
30,208.541
30,214.6292
30,220.7173
30,226.8937
30,232.9819
30,239.07
30,245.1582
30,251.2463
30,257.3345
30,263.4226
30,269.5108
30,275.5989
30,281.6871
30,287.7752
30,293.8633
30,299.9515
30,306.0396
30,312.1278
30,318.2159
30,324.3041
30,330.3921
30,336.4804
30,342.5685
30,348.6566
30,354.7448
30,360.8329
30,366.9211
30,373.0092
30,379.0974
30,385.1855
30,391.2737
30,397.3618
30,403.45
30,409.5381
30,415.6263
30,421.7144
30,427.8025
30,433.8907
30,439.9788
30,446.067
30,452.1551
30,458.2433
30,464.3314
30,470.4196
30,476.5077
30,482.5958
30,488.684
30,494.7721
29.9493,500.772
29.9485,506.8601
29.8878,506.7719
29.8272,506.6836
29.7665,506.5954
29.7066,500.419
29.6459,500.3307
29.5853,500.2424
29.5246,500.1542
29.4639,500.0659
29.404,493.8895
29.3434,493.8012
29.2827,493.713
29.2227,487.5366
29.1621,487.4483
29.1015,487.3599
29.0416,481.1836
28.9809,481.0954
28.9202,481.0071
28.8596,480.9188
28.7997,474.7424
28.7389,474.6542
28.6783,474.5659
28.6177,474.4776
28.5577,468.3012
28.4971,468.213
28.4364,468.1247
28.3757,468.0364
28.3159,461.8599
28.2551,461.7718
28.1945,461.6835
28.1346,455.507
28.074,455.4188
28.0133,455.3306
27.9526,455.2423
27.8919,455.154
27.8321,448.9776
27.7713,448.8894
27.7107,448.8011
27.6508,442.6247
27.5901,442.5364
27.5295,442.4482
27.4687,442.3599
27.4089,436.1835
27.3483,436.0952
27.2876,436.007
27.2269,435.9186
27.1662,435.8304
27.1055,435.7422
27.0457,429.5657
26.9849,429.4775
26.9243,429.3892
26.8636,429.301
26.8037,423.1246
26.7431,423.0363
26.6824,422.948
26.6217,422.8598
26.5611,422.7715
26.5011,416.5951
26.4405,416.5068
26.3798,416.4186
26.32,410.2422
26.2593,410.1539
26.1985,410.0656
26.1379,409.9774
26.0773,409.8891
26.0174,403.7127
25.9567,403.6244
25.896,403.5362
25.8354,403.4479
25.7747,403.3596
25.714,403.2713
25.6533,403.1831
25.5934,397.0067
25.5328,396.9184
25.4721,396.8302
25.4114,396.7419
25.3515,390.5655
25.2909,390.4772
25.2302,390.389
25.1695,390.3007
25.1088,390.2125
25.0482,390.1242
24.9875,390.0359
24.9268,389.9477
24.866,389.8594
24.8063,383.683
24.7456,383.5947
24.6848,383.5065
24.6242,383.4182
24.5636,383.3299
24.5029,383.2417
24.443,377.0653
24.3822,376.9769
24.3216,376.8887
24.261,376.8005
24.2003,376.7122
24.1396,376.6239
24.0789,376.5356
24.0191,370.3593
23.9584,370.271
23.8977,370.1827
23.837,370.0945
23.7764,370.0062
23.7165,363.8298
23.6558,363.7415
23.5951,363.6533
23.5345,363.565
23.4738,363.4767
23.4131,363.3885
23.3524,363.3002
23.2918,363.212
23.2319,357.0355
23.1712,356.9473
23.1105,356.859
23.0499,356.7708
22.9891,356.6825
22.9285,356.5941
22.8678,356.506
22.8071,356.4177
22.7473,350.2413
22.6865,350.153
22.6259,350.0648
22.5652,349.9765
22.5046,349.8881
22.4439,349.8
22.3832,349.7117
22.3233,343.5352
22.2627,343.447
22.202,343.3588
22.1413,343.2705
22.0806,343.1822
22.02,343.094
21.9593,343.0057
21.8986,342.9175
21.8378,342.8292
21.7781,336.6528
21.7174,336.5645
21.6566,336.4763
21.596,336.388
21.5352,336.2997
21.4747,336.2115
21.4148,330.0351
21.3541,329.9468
21.2934,329.8585
21.2328,329.7703
21.1721,329.682
21.1114,329.5937
21.0507,329.5055
20.9901,329.4172
20.9294,329.3289
20.8687,329.2407
20.808,329.1524
20.7473,329.0642
20.6875,322.8877
20.6268,322.7995
20.5661,322.7112
20.5055,322.623
20.4447,322.5347
20.3841,322.4464
20.3234,322.3582
20.2627,322.2699
20.2029,316.0935
20.1421,316.0052
20.0815,315.917
20.0208,315.8287
19.9602,315.7404
19.8995,315.6522
19.8388,315.5638
19.7781,315.4756
19.7175,315.3874
19.6576,309.211
19.5969,309.1227
19.5362,309.0344
19.4756,308.9462
19.4149,308.8578
19.3542,308.7697
19.2934,308.6814
19.2328,308.5931
19.1722,308.5049
19.1115,308.4166
19.0508,308.3283
18.9902,308.2401
18.9295,308.1518
18.8688,308.0635
18.8089,301.8871
18.7482,301.7989
18.6876,301.7106
18.6269,301.6223
18.5662,301.5341
18.5055,301.4458
18.4449,301.3576
18.3841,301.2692
18.3235,301.181
18.2628,301.0928
18.2022,301.0045
18.1423,294.8281
18.0816,294.7398
18.0209,294.6516
17.9603,294.5633
17.8996,294.475
17.8389,294.3868
17.7782,294.2985
17.7176,294.2102
17.6569,294.1219
17.5962,294.0337
17.5354,293.9454
17.4748,293.8572
17.4142,293.7689
17.3543,287.5925
17.2936,287.5042
17.2328,287.416
17.1723,287.3277
17.1116,287.2395
17.0509,287.1512
16.9902,287.0629
16.9296,286.9747
16.8689,286.8864
16.809,280.71
16.7483,280.6217
16.6877,280.5335
16.627,280.4452
16.5663,280.3569
16.5056,280.2687
16.445,280.1804
16.3843,280.0921
16.3235,280.0039
16.2637,273.8275
16.203,273.7391
16.1424,273.6509
16.0817,273.5627
16.021,273.4744
15.9603,273.3862
15.8997,273.2979
15.839,273.2096
15.7783,273.1214
15.7176,273.0331
15.657,272.9447
15.5963,272.8566
15.5356,272.7683
15.4757,266.5918
15.4151,266.5036
15.3544,266.4154
15.2937,266.3271
15.233,266.2388
15.1724,266.1506
15.1117,266.0623
15.051,265.9741
14.9903,265.8858
14.9304,259.7094
14.8698,259.6211
14.8091,259.5329
14.7484,259.4445
14.6877,259.3563
14.6271,259.2681
14.5664,259.1798
14.5057,259.0915
14.445,259.0033
14.3844,258.915
14.3237,258.8267
14.263,258.7385
14.2023,258.6502
14.1417,258.562
14.081,258.4737
14.0203,258.3854
13.9604,252.209
13.8998,252.1208
13.8391,252.0325
13.7784,251.9442
13.7177,251.8559
13.6571,251.7677
13.5964,251.6794
13.5356,251.5912
13.475,251.5029
13.4143,251.4146
13.3537,251.3264
13.293,251.2381
13.2331,245.0617
13.1724,244.9734
13.1118,244.8852
13.0511,244.7969
12.9904,244.7086
12.9297,244.6204
12.8691,244.5321
12.8084,244.4439
12.7477,244.3556
12.687,244.2673
12.6263,244.1791
12.5657,244.0908
12.505,244.0025
12.4443,243.9143
12.3837,243.826
12.323,243.7378
12.2623,243.6495
12.2016,243.5612
12.1409,243.4729
12.0803,243.3847
12.0204,237.2083
11.9597,237.12
11.899,237.0318
11.8384,236.9435
11.7776,236.8552
11.717,236.767
11.6562,236.6787
11.5957,236.5904
11.535,236.5022
11.4743,236.4139
11.4136,236.3256
11.353,236.2374
11.2923,236.1491
11.2324,229.9727
11.1717,229.8843
11.1111,229.7962
11.0504,229.7079
10.9897,229.6197
10.929,229.5314
10.8683,229.4431
10.8077,229.3549
10.7469,229.2666
10.6863,229.1783
10.6256,229.0901
10.565,229.0018
10.5043,228.9135
10.4436,228.8253
10.3829,228.737
10.3223,228.6488
10.2616,228.5605
10.2017,222.3841
10.141,222.2958
10.0804,222.2076
10.0197,222.1193
9.959,222.031
9.8982,221.9428
9.8377,221.8545
9.777,221.7662
9.7163,221.678
9.6556,221.5897
9.5949,221.5013
9.5343,221.4132
9.4736,221.3249
9.4129,221.2367
9.3522,221.1484
9.2916,221.0601
9.2309,220.9719
9.1702,220.8836
9.1095,220.7953
9.0489,220.7071
8.9882,220.6188
8.9275,220.5305
8.8676,214.3541
8.807,214.2659
8.7463,214.1776
8.6856,214.0893
8.6249,214.0011
8.5643,213.9127
8.5036,213.8246
8.4429,213.7363
8.3822,213.648
8.3215,213.5598
8.2609,213.4715
8.2002,213.3832
8.1395,213.295
8.0788,213.2067
8.0182,213.1184
7.9575,213.0302
7.8968,212.9419
7.8361,212.8537
7.7755,212.7654
7.7147,212.6771
7.6541,212.5889
7.5934,212.5006
7.5328,212.4123
7.4721,212.3241
7.4114,212.2358
7.3515,206.0594
7.2909,205.971
7.2302,205.8829
7.1695,205.7946
7.1088,205.7063
7.0481,205.6181
6.9875,205.5298
6.9268,205.4416
6.866,205.3533
6.8054,205.265
6.7448,205.1768
6.6841,205.0885
6.6234,205.0002
6.5627,204.912
6.5021,204.8237
6.4414,204.7354
6.3807,204.6472
6.32,204.5589
6.2594,204.4706
6.1987,204.3824
6.138,204.2941
6.0773,204.2059
6.0167,204.1176
5.956,204.0293
5.8953,203.9411
5.8346,203.8528
5.7739,203.7645
5.7133,203.6763
5.6526,203.588
5.5918,203.4997
5.5312,203.4115
5.4706,203.3232
5.4099,203.2349
5.3492,203.1467
5.2885,203.0584
5.2279,202.9702
5.1672,202.8819
5.1065,202.7936
5.0458,202.7054
4.9851,202.6171
4.9245,202.5288
4.8638,202.4405
4.8031,202.3523
4.7425,202.2641
4.6818,202.1758
4.6211,202.0875
4.5604,201.9992
4.4997,201.911
4.4391,201.8227
4.3792,195.6463
4.3185,195.5581
4.2578,195.4698
4.1972,195.3815
4.1365,195.2933
4.0758,195.205
4.0151,195.1167
3.9545,195.0285
3.8938,194.9402
3.8331,194.8519
3.7724,194.7637
3.7118,194.6754
3.6511,194.5872
3.5904,194.4989
3.5297,194.4106
3.4691,194.3224
3.4083,194.2341
3.3477,194.1458
3.287,194.0576
3.2263,193.9693
3.1657,193.8811
3.105,193.7928
3.0443,193.7045
2.9836,193.6162
2.923,193.528
2.8622,193.4397
2.8016,193.3515
2.7417,187.1751
2.6811,187.0868
2.6204,186.9985
2.5596,186.9102
2.499,186.822
2.4384,186.7337
2.3777,186.6455
2.317,186.5572
2.2563,186.4689
2.1957,186.3807
2.135,186.2924
2.0743,186.2042
2.0136,186.1159
1.9529,186.0276
1.8923,185.9394
1.8316,185.8511
1.7709,185.7628
1.7102,185.6745
1.6496,185.5863
1.5889,185.4981
1.5282,185.4098
1.4675,185.3215
1.4069,185.2333
1.3462,185.145
1.2854,185.0567
1.2248,184.9685
1.1642,184.8801
1.1043,178.7038
1.0436,178.6155
0.9828,178.5272
0.9223,178.439
0.8616,178.3507
0.8009,178.2625
0.7402,178.1742
0.6796,178.0859
0.6189,177.9977
0.5582,177.9094
0.4975,177.8212
0.4368,177.7328
0.3761,177.6446
0.3155,177.5564
0.2548,177.4681
0.1941,177.3798
0.1335,177.2916
0.0728,177.2033
0.0121,177.115
-0.0486,177.0268
-0.1092,176.9385
-0.1691,170.7621
-0.2298,170.6738
-0.2905,170.5856
-0.3511,170.4973
-0.4118,170.4091
-0.4725,170.3208
-0.5332,170.2325
-0.5937,170.1443
-0.6545,170.056
-0.7151,169.9677
-0.7759,169.8795
-0.8366,169.7912
-0.8972,169.7029
-0.9579,169.6147
-1.0186,169.5264
-1.0785,163.35
-1.1391,163.2617
-1.1998,163.1735
-1.2605,163.0852
-1.3212,162.9969
-1.3818,162.9087
-1.4425,162.8204
-1.5032,162.7322
-1.5638,162.6439
-1.6245,162.5556
-1.6852,162.4674
-1.7459,162.3791
-1.8066,162.2908
-1.8664,156.1144
-1.9271,156.0262
-1.9878,155.9379
-2.0485,155.8496
-2.1092,155.7614
-2.1698,155.6731
-2.2305,155.5849
-2.2912,155.4966
-2.3519,155.4083
-2.4125,155.3201
-2.4732,155.2318
-2.5331,149.0554
-2.5937,148.967
-2.6543,148.8789
-2.7151,148.7906
-2.7758,148.7023
-2.8365,148.6141
-2.8971,148.5258
-2.9578,148.4375
-3.0185,148.3493
-3.0792,148.261
-3.1398,148.1728
-3.2005,148.0845
-3.2612,147.9962
-3.3211,141.8197
-3.3818,141.7316
-3.4424,141.6433
-3.503,141.555
-3.5638,141.4668
-3.6245,141.3785
-3.6851,141.2902
-3.7458,141.202
-3.8065,141.1137
-3.8672,141.0254
-3.9278,140.9372
-3.9885,140.8489
-4.0492,140.7607
-4.1099,140.6724
-4.1705,140.584
-4.2312,140.4959
-4.2919,140.4076
-4.3526,140.3193
-4.4123,134.1429
-4.4731,134.0547
-4.5338,133.9664
-4.5945,133.878
-4.6552,133.7899
-4.7158,133.7016
-4.7765,133.6133
-4.8372,133.5251
-4.8979,133.4368
-4.9585,133.3485
-5.0192,133.2603
-5.0799,133.172
-5.1406,133.0838
-5.2012,132.9955
-5.2619,132.9072
-5.3226,132.819
-5.3218,126.7308
-5.321,120.6427
-5.3202,114.5545
-5.3194,108.4664
-5.3186,102.3782
-5.3178,96.2901
-5.317,90.2019
-5.3162,84.1138
-5.3154,78.0257
-5.3146,71.9375
-5.3138,65.8494
-5.3146,71.9375
-5.3154,78.0257
-5.3162,84.1138
-5.317,90.2019
-5.3178,96.2901
-5.3186,102.3782
-5.3194,108.4664
-5.3202,114.5545
-5.321,120.6427
-5.3218,126.7308
-5.3226,132.819
-5.3234,138.9071
-5.3242,144.9952
-5.325,151.0834
-5.3258,157.1715
-5.3266,163.2597
-5.3274,169.3477
-5.3282,175.436
-5.329,181.5241
-5.2691,187.7005
-5.2699,193.7887
-5.2707,199.8768
-5.2715,205.9649
-5.2723,212.0531
-5.2731,218.1413
-5.2739,224.2294
-5.2747,230.3176
-5.2755,236.4057
-5.2763,242.4938
-5.2771,248.5819
-5.2779,254.6701
-5.2787,260.7583
-5.2795,266.8464
-5.2803,272.9346
-5.2811,279.0227
-5.2819,285.1109
-5.2827,291.199
-5.2835,297.2872
-5.2843,303.3753
-5.2245,309.5516
-5.2253,315.6399
-5.2261,321.728
-5.2269,327.8161
-5.2277,333.9043
-5.2285,339.9924
-5.2293,346.0806
-5.2301,352.1687
-5.1702,358.3451
-5.171,364.4333
-5.1718,370.5213
-5.1726,376.6096
-5.1734,382.6977
-5.1742,388.7859
-5.175,394.874
-5.1758,400.9622
-5.1766,407.0503
-5.1167,413.2267
-5.1175,419.3149
-5.1183,425.403
-5.1191,431.491
-5.1199,437.5793
-5.1207,443.6674
-5.1215,449.7556
-5.1223,455.8437
-5.0624,462.0201
-5.0632,468.1083
-5.064,474.1964
-5.0648,480.2846
-5.0656,486.3727
-5.0664,492.4609
-5.0672,498.549
-5.0074,504.7254
-5.0082,510.8136
-5.009,516.9017
-5.0098,522.9899
-5.0106,529.078
-4.9506,535.2544
-4.9515,541.3426
-4.9523,547.4307
-4.9531,553.5188
-4.9539,559.607
-4.9546,565.6951
-4.8948,571.8715
-4.8956,577.9597
-4.8963,584.0478
-4.8972,590.136
-4.8373,596.3124
-4.838,602.4005
-4.8389,608.4887
-4.8397,614.5768
-4.8405,620.665
-4.7807,626.8414
-4.7814,632.9295
-4.7823,639.0177
-4.7831,645.1058
-4.7231,651.2822
-4.724,657.3704
-4.7248,663.4585
-4.6649,669.6349
-4.6657,675.7231
-4.6665,681.8112
-4.6673,687.8994
-4.6074,694.0758
-4.6082,700.1639
-4.609,706.2521
-4.5492,712.4285
-4.55,718.5166
-4.5508,724.6048
-4.4909,730.7812
-4.4917,736.8693
-4.4925,742.9575
-4.4325,749.1339
-4.4334,755.222
-4.4342,761.3102
-4.3743,767.4866
-4.3751,773.5747
-4.3153,779.7511
-4.3161,785.8393
-4.2562,792.0157
-4.257,798.1038
-4.1971,804.2802
-4.1979,810.3684
-4.138,816.5448
-4.1388,822.6329
-4.1396,828.721
-4.0798,834.8975
-4.0806,840.9856
-4.0207,847.162
-4.0215,853.2502
-4.0223,859.3383
-3.9624,865.5147
-3.9024,871.6912
-3.9033,877.7793
-3.9041,883.8674
-3.8443,890.0439
-3.8451,896.132
-3.7852,902.3084
-3.786,908.3966
-3.7261,914.573
-3.7269,920.6611
-3.7277,926.7492
-3.6678,932.9257
-3.608,939.1021
-3.6088,945.1902
-3.6096,951.2784
-3.5497,957.4548
-3.5505,963.5429
-3.4906,969.7193
-3.4914,975.8075
-3.4922,981.8956
-3.4323,988.072
-3.4331,994.1602
-3.3733,1000.3366
-3.374,1006.4247
-3.3142,1012.6011
-3.315,1018.6893
-3.2551,1024.8657
-3.2559,1030.9538
-3.2567,1037.042
-3.1968,1043.2184
-3.1362,1043.3066
-3.137,1049.3948
-3.1378,1055.4828
-3.0779,1061.6593
-3.0787,1067.7475
-3.0779,1061.6593
-3.018,1067.8357
-2.9581,1074.0122
-2.9588,1080.1003
-2.8982,1080.1886
-2.8991,1086.2767
-2.8392,1092.4531
-2.7793,1098.6295
-2.7801,1104.7177
-2.7202,1110.8941
-2.721,1116.9822
-2.6612,1123.1586
-2.6013,1129.3351
-2.6021,1135.4232
-2.5422,1141.5996
-2.4823,1147.776
-2.483,1153.8641
-2.4233,1160.0406
-2.4241,1166.1287
-2.3642,1172.3051
-2.3043,1178.4815
-2.3051,1184.5697
-2.2452,1190.7461
-2.1854,1196.9224
-2.1255,1203.0989
-2.1263,1209.1871
-2.0664,1215.3635
-2.0065,1221.5399
-2.0073,1227.628
-1.9475,1233.8044
-1.8876,1239.9808
-1.8883,1246.069
-1.8285,1252.2454
-1.7686,1258.4218
-1.7088,1264.5981
-1.6489,1270.7746
-1.6497,1276.8628
-1.5897,1283.0392
-1.5299,1289.2156
-1.4701,1295.392
-1.4708,1301.4801
-1.411,1307.6564
-1.3511,1313.833
-1.2912,1320.0094
-1.292,1326.0975
-1.2322,1332.2739
-1.1723,1338.4503
-1.1124,1344.6267
-1.0525,1350.8031
-0.9927,1356.9796
-0.9935,1363.0677
-0.9336,1369.2441
-0.9344,1375.3323
-0.8737,1375.4205
-0.8138,1381.5969
-0.754,1387.7732
-0.6941,1393.9497
-0.6341,1400.1262
-0.5743,1406.3026
-0.5751,1412.3907
-0.5758,1418.4788
-0.5161,1424.6553
-0.4562,1430.8317
-0.3955,1430.9199
-0.3963,1437.0081
-0.3356,1437.0963
-0.3364,1443.1844
-0.2766,1449.3609
-0.2167,1455.5373
-0.156,1455.6256
-0.0961,1461.802
-0.0969,1467.8901
-0.0362,1467.9784
0.0236,1474.1548
0.0835,1480.3312
0.0827,1486.4194
0.1426,1492.5958
0.2025,1498.7722
0.2631,1498.8604
0.323,1505.0368
0.3829,1511.2133
0.382,1517.3014
0.4428,1517.3897
0.442,1523.4778
0.5026,1523.5661
0.5625,1529.7425
0.6223,1535.9189
0.6216,1542.007
0.6815,1548.1834
0.7421,1548.2717
0.7412,1554.3599
0.8012,1560.5363
0.8611,1566.7127
0.9218,1566.8009
0.921,1572.8891
0.9808,1579.0655
1.0407,1585.2419
1.1006,1591.4183
1.1605,1597.5947
1.2211,1597.683
1.2203,1603.7711
1.281,1603.8594
1.2802,1609.9475
1.3401,1616.1239
1.4,1622.3004
1.4606,1622.3886
1.5205,1628.565
1.5804,1634.7414
1.6411,1634.8296
1.6402,1640.9178
1.7001,1647.0943
1.6993,1653.1824
1.76,1653.2707
1.8199,1659.4471
1.8798,1665.6235
1.9396,1671.7999
1.9995,1677.9763
2.0594,1684.1527
2.1193,1690.3291
2.1792,1696.5055
2.2398,1696.5937
2.2997,1702.7702
2.3596,1708.9466
2.4195,1715.123
2.4793,1721.2993
2.5392,1727.4758
2.5991,1733.6522
2.6598,1733.7405
2.7196,1739.9169
2.7795,1746.0933
2.8394,1752.2697
2.8993,1758.4461
2.9599,1758.5344
3.0198,1764.7107
3.019,1770.799
3.0796,1770.8872
3.1396,1777.0636
3.1994,1783.2401
3.2593,1789.4165
3.3192,1795.5929
3.3799,1795.6811
3.4397,1801.8575
3.4996,1808.034
3.5594,1814.2104
3.6194,1820.3868
3.68,1820.475
3.7399,1826.6514
3.7997,1832.8279
3.8597,1839.0043
3.9203,1839.0925
3.9802,1845.2689
4.0401,1851.4453
4.1,1857.6218
4.2213,1857.7983
4.2221,1851.7101
4.2229,1845.6219
4.2237,1839.5338
4.2245,1833.4457
4.2253,1827.3576
4.2261,1821.2694
4.1663,1815.093
4.1671,1809.0049
4.1679,1802.9167
4.1687,1796.8286
4.1088,1790.6522
4.1096,1784.564
4.1104,1778.4759
4.1112,1772.3877
4.112,1766.2995
4.0521,1760.1232
4.0529,1754.035
4.0537,1747.9468
4.0545,1741.8587
3.9946,1735.6823
3.9954,1729.5941
3.9962,1723.506
3.9969,1717.4179
3.9978,1711.3296
3.938,1705.1533
3.9388,1699.0652
3.9396,1692.9769
3.9404,1686.8889
3.9412,1680.8007
3.942,1674.7126
3.882,1668.5362
3.8829,1662.448
3.8837,1656.3599
3.8845,1650.2718
3.8853,1644.1836
3.886,1638.0955
3.8869,1632.0073
3.827,1625.8309
3.8277,1619.7428
3.8286,1613.6545
3.8294,1607.5665
3.8302,1601.4783
3.831,1595.3902
3.8317,1589.302
3.7719,1583.1256
3.7727,1577.0375
3.7734,1570.9493
3.7743,1564.8612
3.7751,1558.773
3.7759,1552.6848
3.7161,1546.5085
3.7168,1540.4203
3.7177,1534.3322
3.7185,1528.2441
3.7193,1522.1559
3.7201,1516.0678
3.6602,1509.8914
3.661,1503.8032
3.6618,1497.7151
3.6625,1491.6269
3.6634,1485.5388
3.6642,1479.4506
3.665,1473.3625
3.6658,1467.2743
3.6665,1461.1862
3.6067,1455.0098
3.6075,1448.9216
3.6082,1442.8335
3.6091,1436.7452
3.6099,1430.6572
3.6107,1424.5691
3.6115,1418.4809
3.6122,1412.3928
3.5525,1406.2164
3.5533,1400.1282
3.5541,1394.0401
3.5549,1387.9519
3.5556,1381.8638
3.5565,1375.7755
3.5573,1369.6875
3.5581,1363.5993
3.5589,1357.5112
3.499,1351.3348
3.4998,1345.2466
3.5006,1339.1585
3.5013,1333.0703
3.5022,1326.9822
3.503,1320.8941
3.5038,1314.8058
3.5046,1308.7178
3.5053,1302.6296
3.5062,1296.5415
3.507,1290.4533
3.4471,1284.2769
3.4479,1278.1888
3.4487,1272.1006
3.4495,1266.0125
3.4503,1259.9243
3.4511,1253.8362
3.4519,1247.748
3.4527,1241.6599
3.4535,1235.5718
3.4543,1229.4836
3.4551,1223.3955
3.4559,1217.3073
3.4567,1211.2192
3.4575,1205.131
3.4583,1199.0429
3.4591,1192.9546
3.3992,1186.7783
3.4,1180.6902
3.4008,1174.6019
3.4016,1168.5139
3.4024,1162.4257
3.4032,1156.3376
3.404,1150.2495
3.4048,1144.1613
3.4056,1138.0732
3.4064,1131.9849
3.4072,1125.8969
3.408,1119.8087
3.3482,1113.6322
3.349,1107.5442
3.3498,1101.456
3.3506,1095.3679
3.3514,1089.2797
3.3522,1083.1916
3.353,1077.1035
3.3538,1071.0153
3.3546,1064.9272
3.3554,1058.839
3.3562,1052.7509
3.357,1046.6627
3.3578,1040.5746
3.3586,1034.4864
3.3594,1028.3982
3.3602,1022.3101
3.3003,1016.1337
3.3011,1010.0456
3.3019,1003.9574
3.3027,997.8693
3.3035,991.7812
3.3043,985.693
3.3051,979.6049
3.3059,973.5167
3.3067,967.4285
3.3075,961.3404
3.3083,955.2523
3.3091,949.1641
3.3099,943.076
3.3107,936.9878
3.3115,930.8997
3.3123,924.8115
3.3131,918.7234
3.3139,912.6353
3.3147,906.5471
3.3155,900.459
3.3163,894.3708
3.3171,888.2827
3.3179,882.1945
3.3187,876.1064
3.3195,870.0182
3.3203,863.9301
3.2604,857.7537
3.2612,851.6655
3.262,845.5774
3.2628,839.4893
3.2636,833.4011
3.2644,827.313
3.2652,821.2248
3.266,815.1367
3.2668,809.0485
3.2676,802.9604
3.2684,796.8721
3.2692,790.7841
3.2701,784.6959
3.2709,778.6078
3.2717,772.5197
3.2725,766.4315
3.2732,760.3434
3.2741,754.2551
3.2749,748.1671
3.2757,742.0789
3.2765,735.9908
3.2772,729.9026
3.2781,723.8145
3.2789,717.7263
3.2797,711.6381
3.2805,705.5501
3.2812,699.4619
3.2821,693.3738
3.2829,687.2856
3.2837,681.1975
3.2845,675.1093
3.2852,669.0212
3.2861,662.933
3.2869,656.8449
3.2877,650.7567
3.2885,644.6686
3.2893,638.5805
3.2901,632.4923
3.2909,626.4042
3.2917,620.316
3.2925,614.2279
3.2326,608.0515
3.2334,601.9633
3.2342,595.8752
3.2349,589.787
3.2358,583.6989
3.2366,577.6107
3.2374,571.5226
3.2382,565.4344
3.2389,559.3463
3.2398,553.2582
3.2406,547.17
3.2414,541.0819
3.2422,534.9937
3.2429,528.9056
3.2438,522.8174
3.2446,516.7292
3.2454,510.6411
3.2462,504.553
3.2469,498.4647
3.2478,492.3767
3.1879,486.2003
3.1272,486.112
3.0666,486.0238
3.0067,479.8474
2.9468,473.6709
2.886,473.5827
2.8255,473.4944
2.7656,467.318
2.7048,467.2297
2.645,461.0533
2.5844,460.9651
2.5245,454.7887
2.4638,454.7004
2.4031,454.612
2.3433,448.4357
2.2826,448.3475
2.2227,442.1711
2.162,442.0828
2.1022,435.9064
2.0415,435.8181
1.9808,435.7299
1.9209,429.5534
1.8603,429.4652
1.7995,429.3769
1.7397,423.2005
1.679,423.1122
1.6183,423.024
1.5585,416.8476
1.4978,416.7593
1.4379,410.5829
1.3772,410.4946
1.3174,404.3182
1.2567,404.23
1.196,404.1417
1.136,397.9653
1.0755,397.877
1.0148,397.7888
0.9548,391.6124
0.8942,391.5241
0.8336,391.4358
0.7737,385.2594
0.713,385.1712
0.6531,378.9947
0.5925,378.9064
0.5318,378.8182
0.5326,372.7301
0.4719,372.6418
0.4112,372.5535
0.3514,366.3771
0.2907,366.2889
0.23,366.2006
0.1701,360.0242
0.1094,359.9359
0.0496,353.7595
-0.0111,353.6713
-0.0718,353.583
-0.1317,347.4066
-0.1923,347.3183
-0.253,347.2301
-0.3129,341.0537
-0.3736,340.9654
-0.4334,334.789
-0.4941,334.7006
-0.5548,334.6125
-0.6155,334.5242
-0.6761,334.4359
-0.736,328.2595
-0.7967,328.1713
-0.8566,321.9948
-0.9172,321.9066
-0.9779,321.8183
-1.0386,321.7301
-1.0993,321.6418
-1.1591,315.4654
-1.2198,315.3771
-1.2805,315.2889
-1.3404,309.1124
-1.4011,309.0242
-1.4617,308.9359
-1.5215,302.7595
-1.5823,302.6712
-1.643,302.583
-1.7036,302.4947
-1.7643,302.4064
-1.825,302.3182
-1.8857,302.2299
-1.9463,302.1417
-2.007,302.0534
-2.0669,295.877
-2.1276,295.7887
-2.1882,295.7005
-2.2489,295.6122
-2.3096,295.5239
-2.3703,295.4357
-2.4309,295.3474
-2.4916,295.2591
-2.5523,295.1709
-2.613,295.0826
-2.6737,294.9944
-2.7343,294.9061
-2.795,294.8178
-2.8557,294.7296
-2.9163,294.6413
-2.9778,300.6412
-3.0385,300.5529
-3.0992,300.4647
-3.1607,306.4645
-3.2213,306.3763
-3.282,306.288
-3.3427,306.1997
-3.4034,306.1115
-3.4647,312.1114
-3.5255,312.0231
-3.587,318.023
-3.6477,317.9346
-3.7083,317.8464
-3.7698,323.8463
-3.8313,329.8462
-3.892,329.7579
-3.9535,335.7578
-4.0141,335.6696
-4.0756,341.6694
-4.1371,347.6693
-4.1978,347.5811
-4.2591,353.5809
-4.3207,359.5808
-4.3822,365.5807
-4.4437,371.5806
-4.5051,377.5805
-4.5666,383.5804
-4.628,389.5802
-4.6289,395.6684
-4.6904,401.6683
-4.7519,407.6681
-4.8133,413.668
-4.8141,419.7562
-4.8149,425.8443
-4.8157,431.9325
-4.8165,438.0206
-4.878,444.0205
-4.9395,450.0204
-4.9403,456.1085
-5.001,456.0203
-5.0018,462.1084
-5.0632,468.1083
-5.064,474.1964
-5.0632,468.1083
-5.0018,462.1084
-5.001,456.0203
-4.9403,456.1085
-4.9395,450.0204
-4.878,444.0205
-4.8165,438.0206
-4.8157,431.9325
-4.8149,425.8443
-4.8141,419.7562
-4.8133,413.668
-4.7519,407.6681
-4.6904,401.6683
-4.6289,395.6684
-4.628,389.5802
-4.5666,383.5804
-4.5051,377.5805
-4.4437,371.5806
-4.3822,365.5807
-4.3207,359.5808
-4.2591,353.5809
-4.1978,347.5811
-4.1371,347.6693
-4.0756,341.6694
-4.0141,335.6696
-3.9535,335.7578
-3.892,329.7579
-3.8313,329.8462
-3.7698,323.8463
-3.7083,317.8464
-3.6477,317.9346
-3.587,318.023
-3.5255,312.0231
-3.4647,312.1114
-3.4034,306.1115
-3.3427,306.1997
-3.282,306.288
-3.2213,306.3763
-3.1607,306.4645
-3.0992,300.4647
-3.0385,300.5529
-2.9778,300.6412
-2.9163,294.6413
-2.8557,294.7296
-2.795,294.8178
-2.7343,294.9061
-2.6737,294.9944
-2.613,295.0826
-2.5523,295.1709
-2.4916,295.2591
-2.4309,295.3474
-2.3703,295.4357
-2.3096,295.5239
-2.2489,295.6122
-2.1882,295.7005
-2.1276,295.7887
-2.0669,295.877
-2.007,302.0534
-1.9463,302.1417
-1.8857,302.2299
-1.825,302.3182
-1.7643,302.4064
-1.7036,302.4947
-1.643,302.583
-1.5823,302.6712
-1.5215,302.7595
-1.4617,308.9359
-1.4011,309.0242
-1.3404,309.1124
-1.2805,315.2889
-1.2198,315.3771
-1.1591,315.4654
-1.0993,321.6418
-1.0386,321.7301
-0.9779,321.8183
-0.9172,321.9066
-0.8566,321.9948
-0.7967,328.1713
-0.736,328.2595
-0.6761,334.4359
-0.6155,334.5242
-0.5548,334.6125
-0.4941,334.7006
-0.4334,334.789
-0.3736,340.9654
-0.3129,341.0537
-0.253,347.2301
-0.1923,347.3183
-0.1317,347.4066
-0.0718,353.583
-0.0111,353.6713
0.0496,353.7595
0.1094,359.9359
0.1701,360.0242
0.23,366.2006
0.2907,366.2889
0.3514,366.3771
0.4112,372.5535
0.4719,372.6418
0.5326,372.7301
0.5318,378.8182
0.5925,378.9064
0.6531,378.9947
0.713,385.1712
0.7737,385.2594
0.8336,391.4358
0.8942,391.5241
0.9548,391.6124
1.0148,397.7888
1.0755,397.877
1.136,397.9653
1.196,404.1417
1.2567,404.23
1.3174,404.3182
1.3772,410.4946
1.4379,410.5829
1.4978,416.7593
1.5585,416.8476
1.6183,423.024
1.679,423.1122
1.7397,423.2005
1.7995,429.3769
1.8603,429.4652
1.9209,429.5534
1.9808,435.7299
2.0415,435.8181
2.1022,435.9064
2.162,442.0828
2.2227,442.1711
2.2826,448.3475
2.3433,448.4357
2.4031,454.612
2.4638,454.7004
2.5245,454.7887
2.5844,460.9651
2.645,461.0533
2.7048,467.2297
2.7656,467.318
2.8255,473.4944
2.886,473.5827
2.9468,473.6709
3.0067,479.8474
3.0666,486.0238
3.1272,486.112
3.1879,486.2003
3.2478,492.3767
3.3085,492.465
3.3077,498.5531
3.3684,498.6414
3.4282,504.8178
3.4889,504.906
3.5495,504.9943
3.5488,511.0825
3.6095,511.1707
3.6693,517.3471
3.73,517.4354
3.7899,523.6118
3.8506,523.7001
3.9104,529.8765
3.971,529.9647
4.031,536.1412
4.0909,542.3176
4.1507,548.494
4.2114,548.5822
4.2721,548.6705
4.332,554.8469
4.3926,554.9352
4.4525,561.1116
4.5124,567.288
4.5731,567.3763
4.6329,573.5527
4.6936,573.6409
4.7534,579.8173
4.8134,585.9937
4.874,586.082
4.9339,592.2584
4.9938,598.4348
5.0545,598.5231
5.1144,604.6995
5.175,604.7877
5.1742,610.8759
5.2341,617.0523
5.2948,617.1406
5.3547,623.317
5.4153,623.4053
5.4144,629.4934
5.4744,635.6698
5.5351,635.7581
5.595,641.9344
5.6556,642.0227
5.6548,648.1109
5.7155,648.1992
5.7753,654.3756
5.8353,660.552
5.8959,660.6402
5.8951,666.7284
5.9558,666.8166
6.0157,672.9931
6.0756,679.1695
6.1362,679.2577
6.1354,685.3458
6.1961,685.4341
6.256,691.6105
6.3159,697.787
6.3765,697.8752
6.3757,703.9634
6.4364,704.0516
6.4963,710.228
6.5562,716.4043
6.6168,716.4927
6.6766,722.6691
6.7366,728.8455
6.7973,728.9338
6.8572,735.1102
6.9178,735.1985
6.9777,741.3749
7.0376,747.5513
7.0983,747.6395
7.1581,753.8159
7.218,759.9924
7.2787,760.0806
7.3386,766.257
7.3992,766.3453
7.4591,772.5217
7.519,778.6981
7.5796,778.7864
7.6395,784.9628
7.7002,785.0511
7.7601,791.2275
7.8199,797.4039
7.8806,797.4921
7.9413,797.5804
8.0012,803.7568
8.0611,809.9332
8.1217,810.0215
8.1816,816.1979
8.2423,816.2862
8.3022,822.4626
8.362,828.639
8.4227,828.7271
8.4834,828.8155
8.5433,834.9919
8.6032,841.1683
8.6638,841.2566
8.7245,841.3448
8.7844,847.5213
8.8451,847.6095
8.9049,853.7859
8.9656,853.8742
9.0255,860.0506
9.0862,860.1389
9.146,866.3153
9.2067,866.4035
9.2666,872.5798
9.3273,872.6682
9.3879,872.7565
9.4478,878.9329
9.5077,885.1093
9.5684,885.1976
9.629,885.2858
9.6888,891.4622
9.7496,891.5505
9.8094,897.7269
9.87,897.8152
9.93,903.9916
9.9907,904.0798
10.0514,904.1681
10.1112,910.3445
10.1711,916.5209
10.2318,916.6092
10.2925,916.6974
10.3524,922.8739
10.413,922.9621
10.4737,923.0504
10.5335,929.2268
10.5943,929.3151
10.6549,929.4033
10.7147,935.5796
10.7755,935.668
10.8354,941.8444
10.896,941.9327
10.9559,948.1091
11.0166,948.1973
11.0773,948.2856
11.1371,954.462
11.1978,954.5503
11.2585,954.6385
11.3184,960.8149
11.379,960.9032
11.4397,960.9915
11.4996,967.1679
11.5603,967.2561
11.6209,967.3444
11.6808,973.5208
11.7415,973.6091
11.8014,979.7854
11.862,979.8738
11.9226,979.962
11.9826,986.1384
12.0433,986.2267
12.104,986.315
12.1638,992.4914
12.2245,992.5796
12.2852,992.6679
12.3451,998.8443
12.4057,998.9325
12.4664,999.0208
12.5263,1005.1972
12.587,1005.2854
12.6476,1005.3738
12.7075,1011.5502
12.7682,1011.6383
12.8289,1011.7267
12.8887,1017.9031
12.9494,1017.9914
13.0101,1018.0796
13.0708,1018.1679
13.1306,1024.3443
13.1913,1024.4325
13.2511,1030.609
13.3119,1030.6973
13.3726,1030.7854
13.4324,1036.9619
13.4931,1037.0502
13.5537,1037.1385
13.6145,1037.2267
13.6751,1037.315
13.7349,1043.4914
13.7957,1043.5796
13.8564,1043.6679
13.9162,1049.8443
13.9769,1049.9325
14.0376,1050.0209
14.0983,1050.1091
14.1581,1056.2854
14.2187,1056.3738
14.2795,1056.4621
14.3394,1062.6385
14.4,1062.7267
14.4607,1062.815
14.5213,1062.9033
14.5813,1069.0796
14.642,1069.1679
14.7026,1069.2562
14.7633,1069.3445
14.8232,1075.5209
14.8839,1075.6091
14.9445,1075.6974
15.0044,1081.8738
15.0651,1081.9621
15.1258,1082.0503
15.1864,1082.1386
15.2471,1082.2269
15.307,1088.4033
15.3677,1088.4915
15.4283,1088.5798
15.4882,1094.7562
15.5489,1094.8445
15.6096,1094.9327
15.6702,1095.021
15.7309,1095.1093
15.7908,1101.2857
15.8515,1101.3739
15.9121,1101.4622
15.9727,1101.5505
16.0327,1107.7269
16.0934,1107.8151
16.1541,1107.9034
16.2147,1107.9917
16.2746,1114.1681
16.3353,1114.2563
16.396,1114.3446
16.4566,1114.4329
16.5173,1114.5211
16.5779,1114.6094
16.6379,1120.7858
16.6985,1120.874
16.7591,1120.9623
16.8199,1121.0506
16.8798,1127.227
16.9404,1127.3153
17.0011,1127.4035
17.0618,1127.4918
17.1225,1127.58
17.1831,1127.6683
17.2438,1127.7566
17.3037,1133.933
17.3644,1134.0212
17.425,1134.1095
17.4849,1140.2859
17.5455,1140.3742
17.6063,1140.4624
17.667,1140.5507
17.7276,1140.639
17.7883,1140.7271
17.849,1140.8155
17.9089,1146.9919
17.9695,1147.0802
18.0302,1147.1684
18.0909,1147.2567
18.1516,1147.345
18.2114,1153.5213
18.2721,1153.6096
18.3328,1153.6979
18.3935,1153.7862
18.4533,1159.9626
18.514,1160.0508
18.5747,1160.1391
18.6354,1160.2274
18.696,1160.3155
18.7567,1160.4039
18.8174,1160.4922
18.8773,1166.6686
18.938,1166.7568
18.9986,1166.8451
19.0593,1166.9334
19.12,1167.0216
19.1807,1167.1099
19.2405,1173.2863
19.3012,1173.3746
19.3618,1173.4628
19.4226,1173.5511
19.4832,1173.6394
19.5439,1173.7276
19.6046,1173.8159
19.6644,1179.9923
19.725,1180.0806
19.7858,1180.1688
19.8465,1180.257
19.9072,1180.3453
19.9678,1180.4336
20.0285,1180.5219
20.0884,1186.6983
20.1491,1186.7865
20.2098,1186.8748
20.2704,1186.963
20.3311,1187.0513
20.3918,1187.1396
20.4525,1187.2279
20.5131,1187.3161
20.5737,1187.4043
20.6337,1193.5808
20.6944,1193.6691
20.755,1193.7572
20.8157,1193.8456
20.8763,1193.9339
20.9371,1194.0221
20.9977,1194.1104
21.0584,1194.1985
21.1191,1194.2869
21.1798,1194.3752
21.2396,1200.5516
21.3003,1200.6398
21.361,1200.7281
21.4217,1200.8164
21.4823,1200.9045
21.543,1200.9929
21.6029,1207.1693
21.6636,1207.2576
21.7243,1207.3458
21.7849,1207.4341
21.8456,1207.5224
21.9062,1207.6106
21.967,1207.6989
22.0276,1207.7872
22.0883,1207.8754
22.149,1207.9637
22.2097,1208.0519
22.2703,1208.1402
22.3302,1214.3166
22.3909,1214.4049
22.4516,1214.4931
22.5122,1214.5814
22.5729,1214.6697
22.6336,1214.7579
22.6943,1214.8462
22.7549,1214.9344
22.8155,1215.0227
22.8763,1215.111
22.937,1215.1993
22.9977,1215.2875
23.0583,1215.3758
23.1182,1221.5522
23.1789,1221.6404
23.2396,1221.7287
23.3002,1221.817
23.3609,1221.9052
23.4216,1221.9935
23.4823,1222.0818
23.5429,1222.17
23.6036,1222.2583
23.6643,1222.3466
23.725,1222.4348
23.7856,1222.5231
23.8463,1222.6114
23.907,1222.6996
23.9677,1222.7879
24.0275,1228.9643
24.0882,1229.0526
24.1489,1229.1408
24.2096,1229.2291
24.2703,1229.3173
24.3309,1229.4056
24.3916,1229.4939
24.4523,1229.5821
24.513,1229.6703
24.5735,1229.7587
24.6343,1229.8469
24.6949,1229.9352
24.7557,1230.0235
24.8163,1230.1117
24.877,1230.2
24.9377,1230.2882
24.9984,1230.3765
25.059,1230.4647
25.1197,1230.553
25.1804,1230.6413
25.2411,1230.7296
25.3017,1230.8178
25.3624,1230.9061
25.4231,1230.9944
25.4838,1231.0826
25.5445,1231.1709
25.6051,1231.2591
25.665,1237.4356
25.7257,1237.5238
25.7864,1237.612
25.847,1237.7004
25.9077,1237.7886
25.9684,1237.8769
26.0291,1237.9651
26.0897,1238.0534
26.1504,1238.1417
26.2111,1238.2299
26.2718,1238.3182
26.3324,1238.4064
26.3931,1238.4947
26.4538,1238.583
26.5145,1238.6713
26.5751,1238.7595
26.6358,1238.8477
26.6965,1238.936
26.7572,1239.0243
26.8178,1239.1126
26.8784,1239.2008
26.9392,1239.2891
26.9999,1239.3774
27.0606,1239.4656
27.1212,1239.5539
27.1819,1239.6421
27.2426,1239.7304
27.3033,1239.8187
27.3639,1239.9069
27.4245,1239.9952
27.4853,1240.0835
27.546,1240.1717
27.6066,1240.26
27.6673,1240.3483
27.728,1240.4365
27.7887,1240.5248
27.8493,1240.6131
27.91,1240.7013
27.9707,1240.7896
28.0314,1240.8778
28.0921,1240.9661
28.1527,1241.0544
28.2134,1241.1426
28.2741,1241.2309
28.3348,1241.3192
28.3954,1241.4074
28.4561,1241.4957
28.5168,1241.584
28.5775,1241.6722
28.6381,1241.7605
28.6987,1241.8487
28.7595,1241.937
28.8202,1242.0253
28.91,1242.0835
28.9707,1242.1717
29.0314,1242.26
29.0921,1242.3483
29.1527,1242.4365
29.2134,1242.5248
29.2741,1242.6131
29.3348,1242.7013
29.3954,1242.7896
29.4561,1242.8778
29.5168,1242.9661
29.5775,1243.0544
29.6381,1243.1426
29.6743,1243.2309
29.6743,1243.2309
29.0776,2515.0655
29.0169,2514.9771
28.9562,2514.889
28.8956,2514.8007
28.8349,2514.7124
28.7742,2514.6242
28.7135,2514.5359
28.6529,2514.4477
28.5922,2514.3594
28.5314,2514.2711
28.4716,2508.0947
28.4109,2508.0065
28.3503,2507.9182
28.2896,2507.8298
28.2288,2507.7417
28.169,2501.5653
28.1084,2501.4769
28.0477,2501.3887
27.987,2501.3005
27.9263,2501.2122
27.8657,2501.1239
27.805,2501.0357
27.745,2494.8593
27.6844,2494.771
27.6238,2494.6827
27.5631,2494.5945
27.5024,2494.5062
27.4425,2488.3298
27.3819,2488.2415
27.3212,2488.1533
27.2605,2488.065
27.1998,2487.9767
27.1392,2487.8885
27.0793,2481.7121
27.0186,2481.6238
26.9579,2481.5354
26.8972,2481.4473
26.8366,2481.359
26.7767,2475.1826
26.716,2475.0943
26.6553,2475.0061
26.5947,2474.9178
26.534,2474.8296
26.4741,2468.6531
26.4134,2468.5649
26.3528,2468.4766
26.2921,2468.3884
26.2314,2468.3001
26.1707,2468.2118
26.1109,2462.0354
26.0502,2461.9472
25.9895,2461.8589
25.9287,2461.7706
25.8681,2461.6824
25.8083,2455.506
25.7476,2455.4177
25.6869,2455.3294
25.6261,2455.2412
25.5655,2455.1529
25.5049,2455.0646
25.4442,2454.9764
25.3843,2448.8
25.3237,2448.7117
25.263,2448.6234
25.2023,2448.5352
25.1416,2448.4469
25.0818,2442.2705
25.0211,2442.1822
24.9604,2442.094
24.8997,2442.0057
24.8399,2435.8293
24.7792,2435.741
24.7185,2435.6528
24.6578,2435.5645
24.5972,2435.4762
24.5365,2435.388
24.4758,2435.2997
24.4159,2429.1233
24.3553,2429.035
24.2946,2428.9468
24.2347,2422.7704
24.174,2422.6821
24.1133,2422.5937
24.0527,2422.5056
23.9928,2416.3292
23.9321,2416.2409
23.8714,2416.1526
23.8108,2416.0644
23.7501,2415.9761
23.6894,2415.8878
23.6287,2415.7995
23.5689,2409.6232
23.5082,2409.5349
23.4475,2409.4466
23.3876,2403.2702
23.327,2403.182
23.2663,2403.0937
23.2056,2403.0054
23.1449,2402.9172
23.0843,2402.8289
23.0236,2402.7407
22.9637,2396.5642
22.903,2396.476
22.8423,2396.3877
22.7816,2396.2995
22.7218,2390.123
22.6611,2390.0348
22.6004,2389.9465
22.5398,2389.8582
22.4791,2389.77
22.4192,2383.5936
22.3585,2383.5053
22.2979,2383.4171
22.2372,2383.3288
22.1764,2383.2405
22.1166,2377.0641
22.056,2376.9759
21.9952,2376.8876
21.9354,2370.7112
21.8747,2370.6229
21.8141,2370.5347
21.7534,2370.4464
21.6926,2370.358
21.6328,2364.1817
21.5722,2364.0935
21.5114,2364.0052
21.4508,2363.9169
21.3901,2363.8287
21.3302,2357.6522
21.2696,2357.564
21.2089,2357.4757
21.1482,2357.3875
21.0883,2351.2111
21.0277,2351.1228
20.967,2351.0345
20.9062,2350.9463
20.8456,2350.858
20.7858,2344.6816
20.725,2344.5933
20.6644,2344.5051
20.6037,2344.4168
20.5431,2344.3285
20.4832,2338.1521
20.4224,2338.0639
20.3626,2331.8875
20.302,2331.7992
20.2413,2331.7109
20.1806,2331.6227
20.1199,2331.5344
20.0593,2331.4461
19.9986,2331.3578
19.9386,2325.1815
19.878,2325.0932
19.8173,2325.0049
19.7574,2318.8285
19.6968,2318.7403
19.636,2318.652
19.5754,2318.5636
19.5148,2318.4755
19.4549,2312.2991
19.3942,2312.2107
19.3335,2312.1225
19.2729,2312.0343
19.2122,2311.946
19.1522,2305.7696
19.0916,2305.6813
19.031,2305.5931
18.971,2299.4167
18.9104,2299.3284
18.8497,2299.2401
18.7891,2299.1519
18.7284,2299.0636
18.6684,2292.8872
18.6078,2292.7989
18.5471,2292.7107
18.4865,2292.6223
18.4266,2286.446
18.3659,2286.3577
18.3052,2286.2695
18.2446,2286.1812
18.1847,2280.0048
18.124,2279.9165
18.0633,2279.8283
18.0027,2279.74
17.9428,2273.5636
17.882,2273.4753
17.8214,2273.3871
17.7608,2273.2988
17.7001,2273.2105
17.6402,2267.0341
17.5795,2266.9459
17.5189,2266.8576
17.4582,2266.7692
17.3982,2260.5929
17.3376,2260.5047
17.277,2260.4163
17.2171,2254.24
17.1564,2254.1517
17.0957,2254.0635
17.035,2253.9752
16.9752,2247.7988
16.9144,2247.7105
16.8538,2247.6223
16.7931,2247.534
16.7332,2241.3576
16.6726,2241.2692
16.6118,2241.1811
16.552,2235.0047
16.4914,2234.9163
16.4307,2234.8281
16.37,2234.7399
16.3093,2234.6516
16.2495,2228.4752
16.1888,2228.3869
16.128,2228.2987
16.0682,2222.1223
16.0076,2222.034
15.9468,2221.9457
15.8862,2221.8575
15.8255,2221.7692
15.7657,2215.5928
15.705,2215.5045
15.6451,2209.3281
15.5844,2209.2399
15.5237,2209.1516
15.4639,2202.9752
15.4032,2202.8869
15.3425,2202.7987
15.2818,2202.7104
15.2212,2202.6221
15.1613,2196.4457
15.1006,2196.3575
15.0399,2196.2692
14.9801,2190.0928
14.9194,2190.0045
14.8587,2189.9163
14.7988,2183.7398
14.7382,2183.6516
14.6775,2183.5633
14.6168,2183.4751
14.5569,2177.2986
14.4963,2177.2104
14.4356,2177.1221
14.3757,2170.9457
14.315,2170.8574
14.2543,2170.7692
14.1945,2164.5928
14.1338,2164.5045
14.0731,2164.4162
14.0124,2164.328
13.9526,2158.1516
13.8919,2158.0633
13.8312,2157.975
13.7713,2151.7986
13.7107,2151.7104
13.65,2151.6221
13.5901,2145.4457
13.5293,2145.3574
13.4687,2145.2692
13.4089,2139.0928
13.3482,2139.0045
13.2883,2132.8281
13.2277,2132.7398
13.167,2132.6516
13.1071,2126.4752
13.0464,2126.3869
12.9858,2126.2986
12.9251,2126.2104
12.8652,2120.034
12.8045,2119.9457
12.7438,2119.8574
12.684,2113.681
12.6233,2113.5928
12.5634,2107.4163
12.5027,2107.3281
12.4421,2107.2398
12.3822,2101.0634
12.3215,2100.975
12.2608,2100.8869
12.201,2094.7105
12.1403,2094.6221
12.0796,2094.5339
12.0197,2088.3575
11.959,2088.2692
11.8984,2088.181
11.8385,2082.0046
11.7778,2081.9163
11.7172,2081.8281
11.6573,2075.6517
11.5966,2075.5634
11.5367,2069.387
11.4761,2069.2987
11.4154,2069.2105
11.3555,2063.0341
11.2948,2062.9458
11.2955,2056.8576
11.2349,2056.7694
11.1743,2056.6811
11.1136,2056.5929
11.0537,2050.4163
10.9929,2050.3282
10.9332,2044.1518
10.8725,2044.0635
10.8126,2037.8871
10.7519,2037.7988
10.6913,2037.7106
10.6314,2031.5342
10.5707,2031.4459
10.51,2031.3576
10.4502,2025.1812
10.3895,2025.093
10.3296,2018.9165
10.2689,2018.8283
10.2697,2012.7401
10.2091,2012.6519
10.1484,2012.5636
10.0877,2012.4753
10.0278,2006.2989
9.968,2000.1225
9.9073,2000.0343
9.8474,1993.8578
9.7867,1993.7696
9.726,1993.6813
9.6662,1987.5049
9.6055,1987.4167
9.6063,1981.3285
9.5455,1981.2402
9.4849,1981.152
9.4243,1981.0637
9.3644,1974.8873
9.3045,1968.7109
9.2438,1968.6226
9.1832,1968.5344
9.1233,1962.358
9.0626,1962.2697
9.0027,1956.0933
8.9421,1956.005
8.9428,1949.9169
8.8822,1949.8286
8.8215,1949.7404
8.7608,1949.6521
8.701,1943.4757
8.6411,1937.2993
8.5804,1937.211
8.5205,1931.0346
8.4599,1930.9463
8.4607,1924.8582
8.4,1924.7699
8.3393,1924.6817
8.2793,1918.5053
8.2187,1918.417
8.2196,1912.3288
8.1589,1912.2406
8.0982,1912.1522
8.0383,1905.9759
7.9776,1905.8876
7.9784,1899.7995
7.9178,1899.7112
7.8571,1899.623
7.7972,1893.4466
7.7365,1893.3583
7.6766,1887.1819
7.6168,1881.0055
7.5561,1880.9172
7.4954,1880.829
7.4356,1874.6524
7.3757,1868.4761
7.315,1868.3879
7.2551,1862.2115
7.1945,1862.1232
7.1346,1855.9468
7.0747,1849.7704
7.014,1849.6821
6.9534,1849.5939
6.8935,1843.4174
6.8328,1843.3292
6.7729,1837.1528
6.713,1830.9764
6.6524,1830.8881
6.5925,1824.7117
6.5326,1818.5352
6.472,1818.447
6.4113,1818.3588
6.3514,1812.1823
6.2907,1812.0941
6.2308,1805.9177
6.171,1799.7412
6.1111,1793.5649
6.0504,1793.4766
5.9897,1793.3883
5.9299,1787.2119
5.87,1781.0355
5.8101,1774.8591
5.7494,1774.7708
5.6896,1768.5944
5.6289,1768.5062
5.569,1762.3298
5.5091,1756.1533
5.4493,1749.9769
5.3886,1749.8887
5.3287,1743.7123
5.2688,1737.5359
5.2082,1737.4476
5.1482,1731.2711
5.0884,1725.0948
5.0277,1725.0065
4.9679,1718.83
4.908,1712.6537
4.8473,1712.5654
4.7873,1706.389
4.7276,1700.2126
4.6669,1700.1243
4.607,1693.9479
4.5471,1687.7715
4.4872,1681.5951
4.4274,1675.4187
4.3667,1675.3304
4.3068,1669.154
4.2461,1669.0658
4.1863,1662.8894
4.1264,1656.713
4.0665,1650.5365
4.0066,1644.3601
3.946,1644.2719
3.886,1638.0955
3.8869,1632.0073
3.8262,1631.9191
3.827,1625.8309
3.8869,1632.0073
3.886,1638.0955
3.8853,1644.1836
3.8845,1650.2718
3.8837,1656.3599
3.8829,1662.448
3.882,1668.5362
3.942,1674.7126
3.9412,1680.8007
3.9404,1686.8889
3.9396,1692.9769
3.9388,1699.0652
3.938,1705.1533
3.9978,1711.3296
3.9969,1717.4179
3.9962,1723.506
3.9954,1729.5941
3.9946,1735.6823
4.0545,1741.8587
4.0537,1747.9468
4.0529,1754.035
4.0521,1760.1232
4.112,1766.2995
4.1112,1772.3877
4.1104,1778.4759
4.1096,1784.564
4.1088,1790.6522
4.1687,1796.8286
4.1679,1802.9167
4.1671,1809.0049
4.1663,1815.093
4.2261,1821.2694
4.2253,1827.3576
4.2245,1833.4457
4.2237,1839.5338
4.2229,1845.6219
4.2221,1851.7101
4.2213,1857.7983
4.2205,1863.8864
4.2804,1870.0628
4.3403,1876.2392
4.4002,1882.4157
4.46,1888.592
4.5207,1888.6803
4.5806,1894.8567
4.6404,1901.0331
4.701,1901.1214
4.761,1907.2978
4.8209,1913.4742
4.8808,1919.6505
4.9414,1919.7389
5.0013,1925.9153
5.0612,1932.0917
5.1211,1938.2681
5.1817,1938.3564
5.2416,1944.5328
5.3014,1950.7092
5.3622,1950.7974
5.422,1956.9739
5.4819,1963.1503
5.5417,1969.3267
5.6017,1975.503
5.6623,1975.5914
5.7229,1975.6796
5.7222,1981.7678
5.7829,1981.8559
5.8428,1988.0325
5.9026,1994.2089
5.9625,2000.3853
6.0224,2006.5617
6.0831,2006.6499
6.143,2012.8264
6.2028,2019.0028
6.2635,2019.091
6.3234,2025.2674
6.3833,2031.4438
6.4431,2037.6202
6.5038,2037.7085
6.5636,2043.8849
6.6236,2050.0613
6.6842,2050.1496
6.7441,2056.326
6.804,2062.5024
6.8639,2068.6787
6.9237,2074.8552
6.9844,2074.9435
7.0443,2081.1199
7.1042,2087.2963
7.1648,2087.3846
7.2247,2093.561
7.2846,2099.7374
7.3453,2099.8256
7.4051,2106.0021
7.465,2112.1785
7.5257,2112.2667
7.5856,2118.4432
7.6461,2118.5314
7.7061,2124.7078
7.766,2130.8841
7.8258,2137.0606
7.8866,2137.1489
7.9464,2143.3253
8.0071,2143.4136
8.067,2149.5899
8.1269,2155.7664
8.1875,2155.8547
8.2474,2162.0311
8.3073,2168.2075
8.3679,2168.2957
8.4278,2174.4722
8.4877,2180.6486
8.5484,2180.7368
8.6082,2186.9132
8.6681,2193.0896
8.7288,2193.1779
8.7887,2199.3543
8.8486,2205.5307
8.9092,2205.619
8.9691,2211.7953
9.029,2217.9718
9.0897,2218.0601
9.1495,2224.2365
9.2094,2230.4129
9.2701,2230.5011
9.33,2236.6776
9.3906,2236.7658
9.4505,2242.9422
9.5104,2249.1186
9.5703,2255.2951
9.631,2255.3833
9.6907,2261.5596
9.7507,2267.7361
9.8114,2267.8244
9.8713,2274.0008
9.9311,2280.1772
9.9918,2280.2655
10.0517,2286.4419
10.1116,2292.6183
10.1722,2292.7066
10.2321,2298.883
10.292,2305.0594
10.3519,2311.2358
10.4125,2311.3241
10.4724,2317.5005
10.5323,2323.6768
10.593,2323.7651
10.6528,2329.9415
10.7127,2336.1179
10.7734,2336.2062
10.8333,2342.3826
10.8931,2348.559
10.9538,2348.6473
11.0137,2354.8237
11.0735,2361.0001
11.1342,2361.0884
11.1941,2367.2648
11.254,2373.4412
11.3139,2379.6176
11.3745,2379.7059
11.4344,2385.8822
11.495,2385.9705
11.555,2392.147
11.6149,2398.3234
11.6755,2398.4116
11.7354,2404.588
11.7953,2410.7644
11.8552,2416.9409
11.915,2423.1173
11.9757,2423.2055
12.0356,2429.3819
12.0955,2435.5583
12.1561,2435.6465
12.216,2441.823
12.2759,2447.9994
12.3366,2448.0877
12.3963,2454.2641
12.3956,2460.3522
12.4563,2460.4405
12.5162,2466.6169
12.576,2472.7933
12.6367,2472.8816
12.6966,2479.058
12.7565,2485.2344
12.8164,2491.4108
12.877,2491.499
12.9369,2497.6755
12.9968,2503.8519
13.0575,2503.9402
13.1173,2510.1166
13.1772,2516.293
13.2379,2516.3812
13.2978,2522.5577
13.3577,2528.7341
13.4175,2534.9104
13.4774,2541.0869
13.5381,2541.1751
13.5979,2547.3516
13.6578,2553.528
13.7177,2559.7044
13.7784,2559.7926
13.8383,2565.9689
13.8981,2572.1455
13.958,2578.3219
14.0179,2584.4983
14.0778,2590.6747
14.1384,2590.7629
14.1983,2596.9394
14.2582,2603.1158
14.3189,2603.204
14.3787,2609.3804
14.4386,2615.5568
14.4985,2621.7332
14.5584,2627.9097
14.6181,2634.0861
14.6789,2634.1743
14.7388,2640.3507
14.7987,2646.5272
14.8585,2652.7036
14.9184,2658.88
14.979,2658.9682
15.039,2665.1446
15.0988,2671.3211
15.1587,2677.4975
15.2186,2683.6739
15.2793,2683.7621
15.3392,2689.9385
15.3384,2696.0267
15.3982,2702.2031
15.4588,2702.2913
15.5188,2708.4678
15.5787,2714.6442
15.6385,2720.8206
15.6984,2726.9969
15.7591,2727.0853
15.8197,2727.1735
15.819,2733.2617
15.8796,2733.3498
15.8788,2739.4381
15.9395,2739.5263
15.9386,2745.6145
15.9994,2745.7027
15.9986,2751.7909
16.0585,2757.9673
16.1191,2758.0556
16.179,2764.232
16.2389,2770.4083
16.2988,2776.5848
16.3586,2782.7612
16.4184,2788.9376
16.4784,2795.114
16.5383,2801.2904
16.5981,2807.4668
16.658,2813.6433
16.7179,2819.8197
16.7778,2825.9961
16.8384,2826.0843
16.8376,2832.1724
16.8982,2832.2608
16.8975,2838.3489
16.9582,2838.4372
16.9574,2844.5253
17.0173,2850.7017
17.0779,2850.79
17.1386,2850.8782
17.1985,2857.0547
17.2584,2863.2311
17.3183,2869.4075
17.378,2875.5838
17.3773,2881.672
17.4372,2887.8484
17.4971,2894.0248
17.557,2900.2013
17.6168,2906.3777
17.6766,2912.5541
17.7374,2912.6423
17.7366,2918.7305
17.7973,2918.8187
17.7965,2924.9069
17.8571,2924.9952
17.8563,2931.0833
17.917,2931.1716
17.9162,2937.2597
17.9761,2943.4361
18.036,2949.6125
18.0958,2955.7889
18.1557,2961.9653
18.2164,2962.0536
18.2771,2962.1419
18.3369,2968.3183
18.3361,2974.4064
18.396,2980.5828
18.4559,2986.7591
18.4551,2992.8474
18.5158,2992.9357
18.515,2999.0238
18.5756,2999.1121
18.5748,3005.2002
18.6355,3005.2885
18.6347,3011.3766
18.6954,3011.4649
18.7553,3017.6413
18.8151,3023.8176
18.875,3029.9941
18.9348,3036.1705
18.9948,3042.3469
18.994,3048.4351
19.0538,3054.6115
19.1137,3060.7879
19.1736,3066.9643
19.2335,3073.1407
19.2933,3079.3171
19.3532,3085.4935
19.4131,3091.6699
19.4729,3097.8463
19.5328,3104.0228
19.5927,3110.1992
19.6526,3116.3756
19.6518,3122.4637
19.7117,3128.6401
19.7109,3134.7283
19.7708,3140.9047
19.8314,3140.9929
19.8913,3147.1694
19.8904,3153.2575
19.9504,3159.4339
20.0103,3165.6103
20.0095,3171.6985
20.0693,3177.8749
20.1292,3184.0513
20.1899,3184.1395
20.1891,3190.2277
20.2498,3190.316
20.249,3196.4041
20.2482,3202.4922
20.3088,3202.5805
20.249,3196.4041
20.2498,3190.316
20.1891,3190.2277
20.1899,3184.1395
20.2514,3178.1397
20.2522,3172.0515
20.253,3165.9634
20.2538,3159.8752
20.2546,3153.7871
20.2554,3147.6989
20.2562,3141.6108
20.257,3135.5226
20.2578,3129.4344
20.2586,3123.3464
20.2594,3117.2582
20.2602,3111.1701
20.261,3105.0819
20.2618,3098.9938
20.2626,3092.9056
20.2634,3086.8175
20.2642,3080.7292
20.265,3074.6412
20.2658,3068.553
20.2666,3062.4649
20.2674,3056.3768
20.2682,3050.2886
20.269,3044.2005
20.2698,3038.1123
20.2099,3031.9359
20.2107,3025.8477
20.2115,3019.7596
20.2123,3013.6715
20.2131,3007.5833
20.2139,3001.4952
20.2147,2995.407
20.2155,2989.3189
20.2163,2983.2307
20.2171,2977.1426
20.2179,2971.0545
20.2187,2964.9663
20.2195,2958.8782
20.2203,2952.79
20.2211,2946.7019
20.2219,2940.6137
20.2227,2934.5255
20.2235,2928.4374
20.2243,2922.3493
20.1644,2916.1729
20.1652,2910.0847
20.166,2903.9966
20.1668,2897.9083
20.1676,2891.8203
20.1684,2885.7322
20.1692,2879.644
20.17,2873.5558
20.1708,2867.4677
20.1716,2861.3796
20.1724,2855.2913
20.1732,2849.2033
20.174,2843.1151
20.1748,2837.027
20.1756,2830.9388
20.1764,2824.8507
20.1166,2818.6743
20.1174,2812.5861
20.1182,2806.498
20.119,2800.4099
20.1198,2794.3216
20.1206,2788.2336
20.1214,2782.1454
20.1222,2776.0573
20.123,2769.9691
20.1238,2763.881
20.1246,2757.7928
20.1254,2751.7046
20.1262,2745.6165
20.127,2739.5284
20.1278,2733.4403
20.1286,2727.3521
20.1294,2721.264
20.1302,2715.1758
20.131,2709.0877
20.1318,2702.9995
20.1326,2696.9114
20.1334,2690.8232
20.1342,2684.7351
20.135,2678.6469
20.1358,2672.5588
20.1366,2666.4707
20.1374,2660.3825
20.1381,2654.2944
20.139,2648.2062
20.1398,2642.1181
20.0799,2635.9417
20.0807,2629.8535
20.0815,2623.7654
20.0823,2617.6772
20.0831,2611.5891
20.0839,2605.5009
20.0847,2599.4128
20.0855,2593.3246
20.0863,2587.2365
20.0871,2581.1484
20.0879,2575.0602
20.0887,2568.9721
20.0895,2562.8839
20.0903,2556.7957
20.0911,2550.7076
20.0919,2544.6195
20.0927,2538.5312
20.0328,2532.3549
20.0336,2526.2668
20.0344,2520.1786
20.0352,2514.0905
20.036,2508.0024
20.0368,2501.9142
20.0376,2495.826
20.0384,2489.7379
20.0392,2483.6498
20.04,2477.5615
20.0408,2471.4735
20.0416,2465.3853
20.0424,2459.2972
20.0432,2453.209
20.044,2447.1209
20.0448,2441.0328
20.0456,2434.9445
20.0464,2428.8565
20.0472,2422.7683
20.048,2416.6802
20.0488,2410.592
20.0496,2404.5039
20.0504,2398.4157
20.0512,2392.3276
20.052,2386.2394
19.9922,2380.063
19.9929,2373.9748
19.9938,2367.8867
19.9946,2361.7986
19.9954,2355.7105
19.9962,2349.6223
19.9969,2343.5342
19.9978,2337.446
19.9986,2331.3578
19.9386,2325.1815
19.9395,2319.0933
20.001,2313.0934
20.0018,2307.0053
20.0026,2300.9171
20.0034,2294.829
20.0042,2288.7409
20.005,2282.6526
20.0058,2276.5646
20.0066,2270.4764
20.0074,2264.3883
20.0082,2258.3001
20.009,2252.212
20.0098,2246.1238
20.0106,2240.0357
19.9506,2233.8593
19.9515,2227.7711
19.9523,2221.683
19.9531,2215.5948
19.9539,2209.5067
19.9546,2203.4186
19.9555,2197.3304
19.9563,2191.2423
19.9571,2185.1541
19.9579,2179.066
19.9586,2172.9778
19.9595,2166.8897
19.9603,2160.8014
19.9611,2154.7134
19.9619,2148.6252
19.9627,2142.5371
19.9635,2136.449
19.9643,2130.3608
19.9651,2124.2727
19.9659,2118.1844
19.9667,2112.0964
19.9675,2106.0082
19.9683,2099.9201
19.9691,2093.8319
19.9699,2087.7438
19.91,2081.5674
19.9108,2075.4792
19.9116,2069.3911
19.9123,2063.3029
19.9132,2057.2147
19.914,2051.1267
19.9148,2045.0385
19.9156,2038.9504
19.9163,2032.8622
19.9172,2026.7741
19.918,2020.6859
19.9188,2014.5977
19.9196,2008.5096
19.9205,2002.4215
19.9213,1996.3333
19.8614,1990.1569
19.8622,1984.0688
19.863,1977.9806
19.8638,1971.8925
19.8646,1965.8044
19.8654,1959.7162
19.8662,1953.628
19.867,1947.5399
19.8678,1941.4518
19.8686,1935.3636
19.8694,1929.2755
19.8702,1923.1873
19.871,1917.0992
19.8718,1911.011
19.8726,1904.9229
19.8734,1898.8348
19.8135,1892.6583
19.8143,1886.5702
19.8151,1880.4821
19.8159,1874.3939
19.8167,1868.3058
19.8175,1862.2176
19.8183,1856.1295
19.8191,1850.0413
19.8199,1843.9532
19.8207,1837.865
19.8215,1831.7769
19.8223,1825.6888
19.8231,1819.6006
19.8239,1813.5125
19.8247,1807.4243
19.8255,1801.3362
19.8263,1795.248
19.8271,1789.1599
19.8279,1783.0717
19.8287,1776.9836
19.8295,1770.8954
19.8303,1764.8073
19.8311,1758.7191
19.8319,1752.631
19.8327,1746.5429
19.8335,1740.4546
19.8343,1734.3666
19.8351,1728.2784
19.8359,1722.1903
19.8367,1716.1021
19.8375,1710.014
19.8383,1703.9258
19.8391,1697.8377
19.7792,1691.6613
19.78,1685.5731
19.7808,1679.4849
19.7816,1673.3969
19.7825,1667.3087
19.7833,1661.2206
19.7841,1655.1324
19.7849,1649.0443
19.7856,1642.9561
19.7865,1636.8679
19.7873,1630.7798
19.7881,1624.6917
19.7889,1618.6035
19.7896,1612.5154
19.7905,1606.4273
19.7913,1600.3391
19.7314,1594.1627
19.7322,1588.0746
19.733,1581.9864
19.7338,1575.8982
19.7346,1569.8101
19.7354,1563.722
19.7362,1557.6338
19.737,1551.5457
19.7378,1545.4575
19.7386,1539.3694
19.7393,1533.2812
19.7402,1527.1931
19.741,1521.105
19.7418,1515.0168
19.7426,1508.9287
19.7433,1502.8405
19.7442,1496.7524
19.745,1490.6642
19.7458,1484.576
19.7466,1478.4879
19.7473,1472.3998
19.7482,1466.3115
19.749,1460.2235
19.7498,1454.1354
19.7506,1448.0472
19.7513,1441.959
19.7522,1435.8709
19.753,1429.7828
19.7538,1423.6945
19.6939,1417.5182
19.6947,1411.4301
19.6955,1405.3418
19.6963,1399.2538
19.6971,1393.1656
19.6979,1387.0775
19.6987,1380.9893
19.6995,1374.9012
19.7003,1368.8131
19.701,1362.7248
19.7019,1356.6368
19.7027,1350.5486
19.7035,1344.4605
19.7043,1338.3723
19.705,1332.2842
19.7059,1326.196
19.6461,1320.0196
19.6469,1313.9315
19.6477,1307.8433
19.6484,1301.7551
19.6493,1295.667
19.6501,1289.5789
19.6509,1283.4908
19.6517,1277.4026
19.6524,1271.3145
19.6533,1265.2263
19.6541,1259.1381
19.6549,1253.05
19.6557,1246.9619
19.6564,1240.8737
19.6573,1234.7856
19.6581,1228.6974
19.6589,1222.6093
19.6597,1216.5211
19.6604,1210.433
19.6613,1204.3449
19.6621,1198.2567
19.6629,1192.1686
19.6637,1186.0804
19.6644,1179.9923
19.6046,1173.8159
19.5439,1173.7276
19.5447,1167.6395
19.5455,1161.5513
19.607,1155.5514
19.6078,1149.4633
19.6086,1143.3752
19.6094,1137.287
19.6101,1131.1989
19.611,1125.1107
19.6118,1119.0226
19.6126,1112.9344
19.6134,1106.8463
19.6141,1100.7581
19.615,1094.67
19.6158,1088.5817
19.6166,1082.4937
19.6174,1076.4056
19.6181,1070.3174
19.619,1064.2293
19.6198,1058.1411
19.6206,1052.053
19.6214,1045.9647
19.5615,1039.7884
19.5623,1033.7003
19.5631,1027.612
19.5638,1021.524
19.5647,1015.4358
19.5655,1009.3477
19.5663,1003.2595
19.5671,997.1714
19.5678,991.0833
19.5687,984.995
19.5695,978.907
19.5703,972.8188
19.5711,966.7307
19.5718,960.6425
19.5727,954.5544
19.5735,948.4662
19.5743,942.378
19.5751,936.2899
19.5152,930.1135
19.5161,924.0254
19.5169,917.9372
19.5177,911.8491
19.5185,905.761
19.5192,899.6728
19.5201,893.5847
19.5209,887.4965
19.5217,881.4083
19.5225,875.3202
19.5232,869.2321
19.5241,863.1439
19.5249,857.0558
19.5257,850.9676
19.5265,844.8795
19.5272,838.7913
19.5281,832.7032
19.5289,826.6151
19.5297,820.5269
19.5305,814.4388
19.5312,808.3506
19.5321,802.2625
19.5329,796.1743
19.5337,790.0862
19.4738,783.9098
19.4746,777.8216
19.4754,771.7335
19.4762,765.6453
19.4769,759.5572
19.4778,753.4691
19.4786,747.3809
19.4187,741.2045
19.4195,735.1164
19.4809,729.1165
19.4818,723.0283
19.4826,716.9402
19.4834,710.8519
19.4842,704.7639
19.4849,698.6757
19.4858,692.5876
19.4866,686.4995
19.4874,680.4113
19.4882,674.3232
19.4889,668.2349
19.4291,662.0586
19.4299,655.9705
19.4307,649.8822
19.4315,643.7942
19.4323,637.706
19.4331,631.6179
19.4339,625.5297
19.4346,619.4416
19.4355,613.3534
19.4363,607.2652
19.4371,601.1772
19.4379,595.089
19.4386,589.0009
19.4395,582.9127
19.4403,576.8246
19.3805,570.6482
19.3813,564.56
19.382,558.4719
19.3829,552.3837
19.3837,546.2955
19.3845,540.2074
19.3853,534.1193
19.386,528.0311
19.3869,521.943
19.3877,515.8549
19.3885,509.7667
19.3893,503.6785
19.3901,497.5904
19.3909,491.5023
19.3917,485.4141
19.3925,479.326
19.3933,473.2378
19.3941,467.1497
19.3949,461.0616
19.3957,454.9734
19.3965,448.8853
19.3973,442.7971
19.3981,436.709
19.3989,430.6208
19.3997,424.5327
19.4005,418.4445
19.4013,412.3564
19.4021,406.2682
19.4029,400.1801
19.343,394.0037
19.3437,387.9155
19.3446,381.8274
19.3454,375.7393
19.3462,369.6511
19.347,363.563
19.3477,357.4748
19.3486,351.3867
19.3494,345.2985
19.3502,339.2104
19.351,333.1222
19.3518,327.0341
19.3526,320.9459
19.3534,314.8578
19.3542,308.7697
